<?xml version="1.0"?>
<msg>
  <date>
    <dsb>00170</dsb>
    <hr>21</hr>
    <min>18</min>
    <sec>32</sec>
  </date>
  <src>
    <name>CC02</name>
    <id>00077</id>
    <type>1</type>
    <sver>1.07</sver>
  </src>
  <ch1>
    <watts>00553</watts>
  </ch1>
  <ch2>
    <watts>00000</watts>
  </ch2>
  <ch3>
    <watts>00000</watts>
  </ch3>
  <tmpr>17.1</tmpr>
  <hist>
    <hrs>
      <h02>000.1</h02>
      <h04>001.1</h04>
      <h06>000.8</h06>
      <h08>000.9</h08>
      <h10>001.0</h10>
      <h12>000.3</h12>
      <h14>000.0</h14>
      <h16>000.0</h16>
      <h18>000.0</h18>
      <h20>000.5</h20>
      <h22>001.9</h22>
      <h24>001.5</h24>
      <h26>001.3</h26>
    </hrs>
    <days>
      <d01>0028</d01>
      <d02>0025</d02>
      <d03>0028</d03>
      <d04>0029</d04>
      <d05>0026</d05>
      <d06>0032</d06>
      <d07>0030</d07>
      <d08>0031</d08>
      <d09>0029</d09>
      <d10>0026</d10>
      <d11>0026</d11>
      <d12>0028</d12>
      <d13>0029</d13>
      <d14>0032</d14>
      <d15>0027</d15>
      <d16>0030</d16>
      <d17>0028</d17>
      <d18>0029</d18>
      <d19>0027</d19>
      <d20>0026</d20>
      <d21>0028</d21>
      <d22>0028</d22>
      <d23>0031</d23>
      <d24>0029</d24>
      <d25>0034</d25>
      <d26>0027</d26>
      <d27>0029</d27>
      <d28>0030</d28>
      <d29>0028</d29>
      <d30>0026</d30>
      <d31>0028</d31>
    </days>
    <mths>
      <m01>0884</m01>
      <m02>0903</m02>
      <m03>0888</m03>
      <m04>0956</m04>
      <m05>0850</m05>
      <m06>0000</m06>
      <m07>0000</m07>
      <m08>0000</m08>
      <m09>0000</m09>
      <m10>0000</m10>
      <m11>0000</m11>
      <m12>0000</m12>
    </mths>
    <yrs>
      <y1>0000000</y1>
      <y2>0000000</y2>
      <y3>0000000</y3>
      <y4>0000000</y4>
    </yrs>
  </hist>
</msg>
