<feed>
	<msg>
		<src>CC128-v0.11</src>
		<dsb>00014</dsb>
		<time>17:01:54</time>
		<tmpr>18.7</tmpr>
		<sensor>0</sensor>
		<id>00077</id>
		<type>1</type>
		<ch1>
			<watts>00802</watts>
		</ch1>
	</msg>
	<msg>
		<src>CC128-v0.11</src>
		<dsb>00014</dsb>
		<time>17:02:00</time>
		<hist>
			<dsw>00015</dsw>
			<type>1</type>
			<units>kwhr</units>
			<data>
				<sensor>0</sensor>
				<h298>0.746</h298>
				<h296>2.091</h296>
				<h294>1.975</h294>
				<h292>3.768</h292>
			</data>
			<data>
				<sensor>1</sensor>
				<h298>0.000</h298>
				<h296>0.000</h296>
				<h294>0.000</h294>
				<h292>0.000</h292>
			</data>
			<data>
				<sensor>2</sensor>
				<h298>0.000</h298>
				<h296>0.000</h296>
				<h294>0.000</h294>
				<h292>0.000</h292>
			</data>
			<data>
				<sensor>3</sensor>
				<h298>0.000</h298>
				<h296>0.000</h296>
				<h294>0.000</h294>
				<h292>0.000</h292>
			</data>
			<data>
				<sensor>4</sensor>
				<h298>0.000</h298>
				<h296>0.000</h296>
				<h294>0.000</h294>
				<h292>0.000</h292>
			</data>
			<data>
				<sensor>5</sensor>
				<h298>0.000</h298>
				<h296>0.000</h296>
				<h294>0.000</h294>
				<h292>0.000</h292>
			</data>
			<data>
				<sensor>6</sensor>
				<h298>0.000</h298>
				<h296>0.000</h296>
				<h294>0.000</h294>
				<h292>0.000</h292>
			</data>
			<data>
				<sensor>7</sensor>
				<h298>0.000</h298>
				<h296>0.000</h296>
				<h294>0.000</h294>
				<h292>0.000</h292>
			</data>
			<data>
				<sensor>8</sensor>
				<h298>0.000</h298>
				<h296>0.000</h296>
				<h294>0.000</h294>
				<h292>0.000</h292>
			</data>
			<data>
				<sensor>9</sensor>
				<h298>0.000</h298>
				<h296>0.000</h296>
				<h294>0.000</h294>
				<h292>0.000</h292>
			</data>
		</hist>
	</msg>
	<msg>
		<src>CC128-v0.11</src>
		<dsb>00014</dsb>
		<time>17:02:06</time>
		<tmpr>18.7</tmpr>
		<sensor>0</sensor>
		<id>00077</id>
		<type>1</type>
		<ch1>
			<watts>00817</watts>
		</ch1>
	</msg>
	<msg>
		<src>CC128-v0.11</src>
		<dsb>00014</dsb>
		<time>17:02:10</time>
		<hist>
			<dsw>00015</dsw>
			<type>1</type>
			<units>kwhr</units>
			<data>
				<sensor>0</sensor>
				<h290>2.613</h290>
				<h288>2.161</h288>
				<h286>1.759</h286>
				<h284>1.243</h284>
			</data>
			<data>
				<sensor>1</sensor>
				<h290>0.000</h290>
				<h288>0.000</h288>
				<h286>0.000</h286>
				<h284>0.000</h284>
			</data>
			<data>
				<sensor>2</sensor>
				<h290>0.000</h290>
				<h288>0.000</h288>
				<h286>0.000</h286>
				<h284>0.000</h284>
			</data>
			<data>
				<sensor>3</sensor>
				<h290>0.000</h290>
				<h288>0.000</h288>
				<h286>0.000</h286>
				<h284>0.000</h284>
			</data>
			<data>
				<sensor>4</sensor>
				<h290>0.000</h290>
				<h288>0.000</h288>
				<h286>0.000</h286>
				<h284>0.000</h284>
			</data>
			<data>
				<sensor>5</sensor>
				<h290>0.000</h290>
				<h288>0.000</h288>
				<h286>0.000</h286>
				<h284>0.000</h284>
			</data>
			<data>
				<sensor>6</sensor>
				<h290>0.000</h290>
				<h288>0.000</h288>
				<h286>0.000</h286>
				<h284>0.000</h284>
			</data>
			<data>
				<sensor>7</sensor>
				<h290>0.000</h290>
				<h288>0.000</h288>
				<h286>0.000</h286>
				<h284>0.000</h284>
			</data>
			<data>
				<sensor>8</sensor>
				<h290>0.000</h290>
				<h288>0.000</h288>
				<h286>0.000</h286>
				<h284>0.000</h284>
			</data>
			<data>
				<sensor>9</sensor>
				<h290>0.000</h290>
				<h288>0.000</h288>
				<h286>0.000</h286>
				<h284>0.000</h284>
			</data>
		</hist>
	</msg>
	<msg>
		<src>CC128-v0.11</src>
		<dsb>00014</dsb>
		<time>17:02:11</time>
		<tmpr>18.7</tmpr>
		<sensor>0</sensor>
		<id>00077</id>
		<type>1</type>
		<ch1>
			<watts>00804</watts>
		</ch1>
	</msg>
	<msg>
		<src>CC128-v0.11</src>
		<dsb>00014</dsb>
		<time>17:02:17</time>
		<tmpr>18.7</tmpr>
		<sensor>0</sensor>
		<id>00077</id>
		<type>1</type>
		<ch1>
			<watts>00808</watts>
		</ch1>
	</msg>
	<msg>
		<src>CC128-v0.11</src>
		<dsb>00014</dsb>
		<time>17:02:20</time>
		<hist>
			<dsw>00015</dsw>
			<type>1</type>
			<units>kwhr</units>
			<data>
				<sensor>0</sensor>
				<h282>0.367</h282>
				<h280>0.356</h280>
				<h278>0.411</h278>
				<h276>0.546</h276>
			</data>
			<data>
				<sensor>1</sensor>
				<h282>0.000</h282>
				<h280>0.000</h280>
				<h278>0.000</h278>
				<h276>0.000</h276>
			</data>
			<data>
				<sensor>2</sensor>
				<h282>0.000</h282>
				<h280>0.000</h280>
				<h278>0.000</h278>
				<h276>0.000</h276>
			</data>
			<data>
				<sensor>3</sensor>
				<h282>0.000</h282>
				<h280>0.000</h280>
				<h278>0.000</h278>
				<h276>0.000</h276>
			</data>
			<data>
				<sensor>4</sensor>
				<h282>0.000</h282>
				<h280>0.000</h280>
				<h278>0.000</h278>
				<h276>0.000</h276>
			</data>
			<data>
				<sensor>5</sensor>
				<h282>0.000</h282>
				<h280>0.000</h280>
				<h278>0.000</h278>
				<h276>0.000</h276>
			</data>
			<data>
				<sensor>6</sensor>
				<h282>0.000</h282>
				<h280>0.000</h280>
				<h278>0.000</h278>
				<h276>0.000</h276>
			</data>
			<data>
				<sensor>7</sensor>
				<h282>0.000</h282>
				<h280>0.000</h280>
				<h278>0.000</h278>
				<h276>0.000</h276>
			</data>
			<data>
				<sensor>8</sensor>
				<h282>0.000</h282>
				<h280>0.000</h280>
				<h278>0.000</h278>
				<h276>0.000</h276>
			</data>
			<data>
				<sensor>9</sensor>
				<h282>0.000</h282>
				<h280>0.000</h280>
				<h278>0.000</h278>
				<h276>0.000</h276>
			</data>
		</hist>
	</msg>
	<msg>
		<src>CC128-v0.11</src>
		<dsb>00014</dsb>
		<time>17:02:23</time>
		<tmpr>18.7</tmpr>
		<sensor>0</sensor>
		<id>00077</id>
		<type>1</type>
		<ch1>
			<watts>00808</watts>
		</ch1>
	</msg>
	<msg>
		<src>CC128-v0.11</src>
		<dsb>00014</dsb>
		<time>17:02:29</time>
		<tmpr>18.7</tmpr>
		<sensor>0</sensor>
		<id>00077</id>
		<type>1</type>
		<ch1>
			<watts>00809</watts>
		</ch1>
	</msg>
	<msg>
		<src>CC128-v0.11</src>
		<dsb>00014</dsb>
		<time>17:02:30</time>
		<hist>
			<dsw>00015</dsw>
			<type>1</type>
			<units>kwhr</units>
			<data>
				<sensor>0</sensor>
				<h274>1.708</h274>
				<h272>1.860</h272>
				<h270>1.352</h270>
				<h268>0.998</h268>
			</data>
			<data>
				<sensor>1</sensor>
				<h274>0.000</h274>
				<h272>0.000</h272>
				<h270>0.000</h270>
				<h268>0.000</h268>
			</data>
			<data>
				<sensor>2</sensor>
				<h274>0.000</h274>
				<h272>0.000</h272>
				<h270>0.000</h270>
				<h268>0.000</h268>
			</data>
			<data>
				<sensor>3</sensor>
				<h274>0.000</h274>
				<h272>0.000</h272>
				<h270>0.000</h270>
				<h268>0.000</h268>
			</data>
			<data>
				<sensor>4</sensor>
				<h274>0.000</h274>
				<h272>0.000</h272>
				<h270>0.000</h270>
				<h268>0.000</h268>
			</data>
			<data>
				<sensor>5</sensor>
				<h274>0.000</h274>
				<h272>0.000</h272>
				<h270>0.000</h270>
				<h268>0.000</h268>
			</data>
			<data>
				<sensor>6</sensor>
				<h274>0.000</h274>
				<h272>0.000</h272>
				<h270>0.000</h270>
				<h268>0.000</h268>
			</data>
			<data>
				<sensor>7</sensor>
				<h274>0.000</h274>
				<h272>0.000</h272>
				<h270>0.000</h270>
				<h268>0.000</h268>
			</data>
			<data>
				<sensor>8</sensor>
				<h274>0.000</h274>
				<h272>0.000</h272>
				<h270>0.000</h270>
				<h268>0.000</h268>
			</data>
			<data>
				<sensor>9</sensor>
				<h274>0.000</h274>
				<h272>0.000</h272>
				<h270>0.000</h270>
				<h268>0.000</h268>
			</data>
		</hist>
	</msg>
	<msg>
		<src>CC128-v0.11</src>
		<dsb>00014</dsb>
		<time>17:02:35</time>
		<tmpr>18.7</tmpr>
		<sensor>0</sensor>
		<id>00077</id>
		<type>1</type>
		<ch1>
			<watts>00795</watts>
		</ch1>
	</msg>
	<msg>
		<src>CC128-v0.11</src>
		<dsb>00014</dsb>
		<time>17:02:40</time>
		<hist>
			<dsw>00015</dsw>
			<type>1</type>
			<units>kwhr</units>
			<data>
				<sensor>0</sensor>
				<h266>1.153</h266>
				<h264>1.361</h264>
				<h262>1.242</h262>
				<h260>0.647</h260>
			</data>
			<data>
				<sensor>1</sensor>
				<h266>0.000</h266>
				<h264>0.000</h264>
				<h262>0.000</h262>
				<h260>0.000</h260>
			</data>
			<data>
				<sensor>2</sensor>
				<h266>0.000</h266>
				<h264>0.000</h264>
				<h262>0.000</h262>
				<h260>0.000</h260>
			</data>
			<data>
				<sensor>3</sensor>
				<h266>0.000</h266>
				<h264>0.000</h264>
				<h262>0.000</h262>
				<h260>0.000</h260>
			</data>
			<data>
				<sensor>4</sensor>
				<h266>0.000</h266>
				<h264>0.000</h264>
				<h262>0.000</h262>
				<h260>0.000</h260>
			</data>
			<data>
				<sensor>5</sensor>
				<h266>0.000</h266>
				<h264>0.000</h264>
				<h262>0.000</h262>
				<h260>0.000</h260>
			</data>
			<data>
				<sensor>6</sensor>
				<h266>0.000</h266>
				<h264>0.000</h264>
				<h262>0.000</h262>
				<h260>0.000</h260>
			</data>
			<data>
				<sensor>7</sensor>
				<h266>0.000</h266>
				<h264>0.000</h264>
				<h262>0.000</h262>
				<h260>0.000</h260>
			</data>
			<data>
				<sensor>8</sensor>
				<h266>0.000</h266>
				<h264>0.000</h264>
				<h262>0.000</h262>
				<h260>0.000</h260>
			</data>
			<data>
				<sensor>9</sensor>
				<h266>0.000</h266>
				<h264>0.000</h264>
				<h262>0.000</h262>
				<h260>0.000</h260>
			</data>
		</hist>
	</msg>
	<msg>
		<src>CC128-v0.11</src>
		<dsb>00014</dsb>
		<time>17:02:41</time>
		<tmpr>18.7</tmpr>
		<sensor>0</sensor>
		<id>00077</id>
		<type>1</type>
		<ch1>
			<watts>00817</watts>
		</ch1>
	</msg>
	<msg>
		<src>CC128-v0.11</src>
		<dsb>00014</dsb>
		<time>17:02:47</time>
		<tmpr>18.7</tmpr>
		<sensor>0</sensor>
		<id>00077</id>
		<type>1</type>
		<ch1>
			<watts>00838</watts>
		</ch1>
	</msg>
	<msg>
		<src>CC128-v0.11</src>
		<dsb>00014</dsb>
		<time>17:02:50</time>
		<hist>
			<dsw>00015</dsw>
			<type>1</type>
			<units>kwhr</units>
			<data>
				<sensor>0</sensor>
				<h258>0.538</h258>
				<h256>0.326</h256>
				<h254>0.413</h254>
				<h252>0.627</h252>
			</data>
			<data>
				<sensor>1</sensor>
				<h258>0.000</h258>
				<h256>0.000</h256>
				<h254>0.000</h254>
				<h252>0.000</h252>
			</data>
			<data>
				<sensor>2</sensor>
				<h258>0.000</h258>
				<h256>0.000</h256>
				<h254>0.000</h254>
				<h252>0.000</h252>
			</data>
			<data>
				<sensor>3</sensor>
				<h258>0.000</h258>
				<h256>0.000</h256>
				<h254>0.000</h254>
				<h252>0.000</h252>
			</data>
			<data>
				<sensor>4</sensor>
				<h258>0.000</h258>
				<h256>0.000</h256>
				<h254>0.000</h254>
				<h252>0.000</h252>
			</data>
			<data>
				<sensor>5</sensor>
				<h258>0.000</h258>
				<h256>0.000</h256>
				<h254>0.000</h254>
				<h252>0.000</h252>
			</data>
			<data>
				<sensor>6</sensor>
				<h258>0.000</h258>
				<h256>0.000</h256>
				<h254>0.000</h254>
				<h252>0.000</h252>
			</data>
			<data>
				<sensor>7</sensor>
				<h258>0.000</h258>
				<h256>0.000</h256>
				<h254>0.000</h254>
				<h252>0.000</h252>
			</data>
			<data>
				<sensor>8</sensor>
				<h258>0.000</h258>
				<h256>0.000</h256>
				<h254>0.000</h254>
				<h252>0.000</h252>
			</data>
			<data>
				<sensor>9</sensor>
				<h258>0.000</h258>
				<h256>0.000</h256>
				<h254>0.000</h254>
				<h252>0.000</h252>
			</data>
		</hist>
	</msg>
	<msg>
		<src>CC128-v0.11</src>
		<dsb>00014</dsb>
		<time>17:02:53</time>
		<tmpr>18.8</tmpr>
		<sensor>0</sensor>
		<id>00077</id>
		<type>1</type>
		<ch1>
			<watts>00851</watts>
		</ch1>
	</msg>
	<msg>
		<src>CC128-v0.11</src>
		<dsb>00014</dsb>
		<time>17:03:00</time>
		<hist>
			<dsw>00015</dsw>
			<type>1</type>
			<units>kwhr</units>
			<data>
				<sensor>0</sensor>
				<h250>1.182</h250>
				<h248>0.586</h248>
				<h246>0.360</h246>
				<h244>0.406</h244>
			</data>
			<data>
				<sensor>1</sensor>
				<h250>0.000</h250>
				<h248>0.000</h248>
				<h246>0.000</h246>
				<h244>0.000</h244>
			</data>
			<data>
				<sensor>2</sensor>
				<h250>0.000</h250>
				<h248>0.000</h248>
				<h246>0.000</h246>
				<h244>0.000</h244>
			</data>
			<data>
				<sensor>3</sensor>
				<h250>0.000</h250>
				<h248>0.000</h248>
				<h246>0.000</h246>
				<h244>0.000</h244>
			</data>
			<data>
				<sensor>4</sensor>
				<h250>0.000</h250>
				<h248>0.000</h248>
				<h246>0.000</h246>
				<h244>0.000</h244>
			</data>
			<data>
				<sensor>5</sensor>
				<h250>0.000</h250>
				<h248>0.000</h248>
				<h246>0.000</h246>
				<h244>0.000</h244>
			</data>
			<data>
				<sensor>6</sensor>
				<h250>0.000</h250>
				<h248>0.000</h248>
				<h246>0.000</h246>
				<h244>0.000</h244>
			</data>
			<data>
				<sensor>7</sensor>
				<h250>0.000</h250>
				<h248>0.000</h248>
				<h246>0.000</h246>
				<h244>0.000</h244>
			</data>
			<data>
				<sensor>8</sensor>
				<h250>0.000</h250>
				<h248>0.000</h248>
				<h246>0.000</h246>
				<h244>0.000</h244>
			</data>
			<data>
				<sensor>9</sensor>
				<h250>0.000</h250>
				<h248>0.000</h248>
				<h246>0.000</h246>
				<h244>0.000</h244>
			</data>
		</hist>
	</msg>
	<msg>
		<src>CC128-v0.11</src>
		<dsb>00014</dsb>
		<time>17:03:06</time>
		<tmpr>18.7</tmpr>
		<sensor>0</sensor>
		<id>00077</id>
		<type>1</type>
		<ch1>
			<watts>00843</watts>
		</ch1>
	</msg>
	<msg>
		<src>CC128-v0.11</src>
		<dsb>00014</dsb>
		<time>17:03:10</time>
		<hist>
			<dsw>00015</dsw>
			<type>1</type>
			<units>kwhr</units>
			<data>
				<sensor>0</sensor>
				<h242>2.328</h242>
				<h240>1.714</h240>
				<h238>1.333</h238>
				<h236>0.473</h236>
			</data>
			<data>
				<sensor>1</sensor>
				<h242>0.000</h242>
				<h240>0.000</h240>
				<h238>0.000</h238>
				<h236>0.000</h236>
			</data>
			<data>
				<sensor>2</sensor>
				<h242>0.000</h242>
				<h240>0.000</h240>
				<h238>0.000</h238>
				<h236>0.000</h236>
			</data>
			<data>
				<sensor>3</sensor>
				<h242>0.000</h242>
				<h240>0.000</h240>
				<h238>0.000</h238>
				<h236>0.000</h236>
			</data>
			<data>
				<sensor>4</sensor>
				<h242>0.000</h242>
				<h240>0.000</h240>
				<h238>0.000</h238>
				<h236>0.000</h236>
			</data>
			<data>
				<sensor>5</sensor>
				<h242>0.000</h242>
				<h240>0.000</h240>
				<h238>0.000</h238>
				<h236>0.000</h236>
			</data>
			<data>
				<sensor>6</sensor>
				<h242>0.000</h242>
				<h240>0.000</h240>
				<h238>0.000</h238>
				<h236>0.000</h236>
			</data>
			<data>
				<sensor>7</sensor>
				<h242>0.000</h242>
				<h240>0.000</h240>
				<h238>0.000</h238>
				<h236>0.000</h236>
			</data>
			<data>
				<sensor>8</sensor>
				<h242>0.000</h242>
				<h240>0.000</h240>
				<h238>0.000</h238>
				<h236>0.000</h236>
			</data>
			<data>
				<sensor>9</sensor>
				<h242>0.000</h242>
				<h240>0.000</h240>
				<h238>0.000</h238>
				<h236>0.000</h236>
			</data>
		</hist>
	</msg>
	<msg>
		<src>CC128-v0.11</src>
		<dsb>00014</dsb>
		<time>17:03:12</time>
		<tmpr>18.7</tmpr>
		<sensor>0</sensor>
		<id>00077</id>
		<type>1</type>
		<ch1>
			<watts>00831</watts>
		</ch1>
	</msg>
	<msg>
		<src>CC128-v0.11</src>
		<dsb>00014</dsb>
		<time>17:03:20</time>
		<hist>
			<dsw>00015</dsw>
			<type>1</type>
			<units>kwhr</units>
			<data>
				<sensor>0</sensor>
				<h234>0.366</h234>
				<h232>0.339</h232>
				<h230>0.430</h230>
				<h228>0.506</h228>
			</data>
			<data>
				<sensor>1</sensor>
				<h234>0.000</h234>
				<h232>0.000</h232>
				<h230>0.000</h230>
				<h228>0.000</h228>
			</data>
			<data>
				<sensor>2</sensor>
				<h234>0.000</h234>
				<h232>0.000</h232>
				<h230>0.000</h230>
				<h228>0.000</h228>
			</data>
			<data>
				<sensor>3</sensor>
				<h234>0.000</h234>
				<h232>0.000</h232>
				<h230>0.000</h230>
				<h228>0.000</h228>
			</data>
			<data>
				<sensor>4</sensor>
				<h234>0.000</h234>
				<h232>0.000</h232>
				<h230>0.000</h230>
				<h228>0.000</h228>
			</data>
			<data>
				<sensor>5</sensor>
				<h234>0.000</h234>
				<h232>0.000</h232>
				<h230>0.000</h230>
				<h228>0.000</h228>
			</data>
			<data>
				<sensor>6</sensor>
				<h234>0.000</h234>
				<h232>0.000</h232>
				<h230>0.000</h230>
				<h228>0.000</h228>
			</data>
			<data>
				<sensor>7</sensor>
				<h234>0.000</h234>
				<h232>0.000</h232>
				<h230>0.000</h230>
				<h228>0.000</h228>
			</data>
			<data>
				<sensor>8</sensor>
				<h234>0.000</h234>
				<h232>0.000</h232>
				<h230>0.000</h230>
				<h228>0.000</h228>
			</data>
			<data>
				<sensor>9</sensor>
				<h234>0.000</h234>
				<h232>0.000</h232>
				<h230>0.000</h230>
				<h228>0.000</h228>
			</data>
		</hist>
	</msg>
	<msg>
		<src>CC128-v0.11</src>
		<dsb>00014</dsb>
		<time>17:03:30</time>
		<hist>
			<dsw>00015</dsw>
			<type>1</type>
			<units>kwhr</units>
			<data>
				<sensor>0</sensor>
				<h226>1.258</h226>
				<h224>4.329</h224>
				<h222>1.017</h222>
				<h220>3.520</h220>
			</data>
			<data>
				<sensor>1</sensor>
				<h226>0.000</h226>
				<h224>0.000</h224>
				<h222>0.000</h222>
				<h220>0.000</h220>
			</data>
			<data>
				<sensor>2</sensor>
				<h226>0.000</h226>
				<h224>0.000</h224>
				<h222>0.000</h222>
				<h220>0.000</h220>
			</data>
			<data>
				<sensor>3</sensor>
				<h226>0.000</h226>
				<h224>0.000</h224>
				<h222>0.000</h222>
				<h220>0.000</h220>
			</data>
			<data>
				<sensor>4</sensor>
				<h226>0.000</h226>
				<h224>0.000</h224>
				<h222>0.000</h222>
				<h220>0.000</h220>
			</data>
			<data>
				<sensor>5</sensor>
				<h226>0.000</h226>
				<h224>0.000</h224>
				<h222>0.000</h222>
				<h220>0.000</h220>
			</data>
			<data>
				<sensor>6</sensor>
				<h226>0.000</h226>
				<h224>0.000</h224>
				<h222>0.000</h222>
				<h220>0.000</h220>
			</data>
			<data>
				<sensor>7</sensor>
				<h226>0.000</h226>
				<h224>0.000</h224>
				<h222>0.000</h222>
				<h220>0.000</h220>
			</data>
			<data>
				<sensor>8</sensor>
				<h226>0.000</h226>
				<h224>0.000</h224>
				<h222>0.000</h222>
				<h220>0.000</h220>
			</data>
			<data>
				<sensor>9</sensor>
				<h226>0.000</h226>
				<h224>0.000</h224>
				<h222>0.000</h222>
				<h220>0.000</h220>
			</data>
		</hist>
	</msg>
	<msg>
		<src>CC128-v0.11</src>
		<dsb>00014</dsb>
		<time>17:03:35</time>
		<tmpr>18.7</tmpr>
		<sensor>0</sensor>
		<id>00077</id>
		<type>1</type>
		<ch1>
			<watts>00856</watts>
		</ch1>
	</msg>
	<msg>
		<src>CC128-v0.11</src>
		<dsb>00014</dsb>
		<time>17:03:40</time>
		<hist>
			<dsw>00015</dsw>
			<type>1</type>
			<units>kwhr</units>
			<data>
				<sensor>0</sensor>
				<h218>2.945</h218>
				<h216>2.050</h216>
				<h214>1.410</h214>
				<h212>0.385</h212>
			</data>
			<data>
				<sensor>1</sensor>
				<h218>0.000</h218>
				<h216>0.000</h216>
				<h214>0.000</h214>
				<h212>0.000</h212>
			</data>
			<data>
				<sensor>2</sensor>
				<h218>0.000</h218>
				<h216>0.000</h216>
				<h214>0.000</h214>
				<h212>0.000</h212>
			</data>
			<data>
				<sensor>3</sensor>
				<h218>0.000</h218>
				<h216>0.000</h216>
				<h214>0.000</h214>
				<h212>0.000</h212>
			</data>
			<data>
				<sensor>4</sensor>
				<h218>0.000</h218>
				<h216>0.000</h216>
				<h214>0.000</h214>
				<h212>0.000</h212>
			</data>
			<data>
				<sensor>5</sensor>
				<h218>0.000</h218>
				<h216>0.000</h216>
				<h214>0.000</h214>
				<h212>0.000</h212>
			</data>
			<data>
				<sensor>6</sensor>
				<h218>0.000</h218>
				<h216>0.000</h216>
				<h214>0.000</h214>
				<h212>0.000</h212>
			</data>
			<data>
				<sensor>7</sensor>
				<h218>0.000</h218>
				<h216>0.000</h216>
				<h214>0.000</h214>
				<h212>0.000</h212>
			</data>
			<data>
				<sensor>8</sensor>
				<h218>0.000</h218>
				<h216>0.000</h216>
				<h214>0.000</h214>
				<h212>0.000</h212>
			</data>
			<data>
				<sensor>9</sensor>
				<h218>0.000</h218>
				<h216>0.000</h216>
				<h214>0.000</h214>
				<h212>0.000</h212>
			</data>
		</hist>
	</msg>
	<msg>
		<src>CC128-v0.11</src>
		<dsb>00014</dsb>
		<time>17:03:41</time>
		<tmpr>18.7</tmpr>
		<sensor>0</sensor>
		<id>00077</id>
		<type>1</type>
		<ch1>
			<watts>00867</watts>
		</ch1>
	</msg>
	<msg>
		<src>CC128-v0.11</src>
		<dsb>00014</dsb>
		<time>17:03:47</time>
		<tmpr>18.7</tmpr>
		<sensor>0</sensor>
		<id>00077</id>
		<type>1</type>
		<ch1>
			<watts>00851</watts>
		</ch1>
	</msg>
	<msg>
		<src>CC128-v0.11</src>
		<dsb>00014</dsb>
		<time>17:03:50</time>
		<hist>
			<dsw>00015</dsw>
			<type>1</type>
			<units>kwhr</units>
			<data>
				<sensor>0</sensor>
				<h210>0.356</h210>
				<h208>0.357</h208>
				<h206>0.828</h206>
				<h204>0.383</h204>
			</data>
			<data>
				<sensor>1</sensor>
				<h210>0.000</h210>
				<h208>0.000</h208>
				<h206>0.000</h206>
				<h204>0.000</h204>
			</data>
			<data>
				<sensor>2</sensor>
				<h210>0.000</h210>
				<h208>0.000</h208>
				<h206>0.000</h206>
				<h204>0.000</h204>
			</data>
			<data>
				<sensor>3</sensor>
				<h210>0.000</h210>
				<h208>0.000</h208>
				<h206>0.000</h206>
				<h204>0.000</h204>
			</data>
			<data>
				<sensor>4</sensor>
				<h210>0.000</h210>
				<h208>0.000</h208>
				<h206>0.000</h206>
				<h204>0.000</h204>
			</data>
			<data>
				<sensor>5</sensor>
				<h210>0.000</h210>
				<h208>0.000</h208>
				<h206>0.000</h206>
				<h204>0.000</h204>
			</data>
			<data>
				<sensor>6</sensor>
				<h210>0.000</h210>
				<h208>0.000</h208>
				<h206>0.000</h206>
				<h204>0.000</h204>
			</data>
			<data>
				<sensor>7</sensor>
				<h210>0.000</h210>
				<h208>0.000</h208>
				<h206>0.000</h206>
				<h204>0.000</h204>
			</data>
			<data>
				<sensor>8</sensor>
				<h210>0.000</h210>
				<h208>0.000</h208>
				<h206>0.000</h206>
				<h204>0.000</h204>
			</data>
			<data>
				<sensor>9</sensor>
				<h210>0.000</h210>
				<h208>0.000</h208>
				<h206>0.000</h206>
				<h204>0.000</h204>
			</data>
		</hist>
	</msg>
	<msg>
		<src>CC128-v0.11</src>
		<dsb>00014</dsb>
		<time>17:03:53</time>
		<tmpr>18.7</tmpr>
		<sensor>0</sensor>
		<id>00077</id>
		<type>1</type>
		<ch1>
			<watts>00849</watts>
		</ch1>
	</msg>
	<msg>
		<src>CC128-v0.11</src>
		<dsb>00014</dsb>
		<time>17:03:59</time>
		<tmpr>18.7</tmpr>
		<sensor>0</sensor>
		<id>00077</id>
		<type>1</type>
		<ch1>
			<watts>00854</watts>
		</ch1>
	</msg>
	<msg>
		<src>CC128-v0.11</src>
		<dsb>00014</dsb>
		<time>17:04:00</time>
		<hist>
			<dsw>00015</dsw>
			<type>1</type>
			<units>kwhr</units>
			<data>
				<sensor>0</sensor>
				<h202>0.350</h202>
				<h200>0.351</h200>
				<h198>0.359</h198>
				<h196>0.392</h196>
			</data>
			<data>
				<sensor>1</sensor>
				<h202>0.000</h202>
				<h200>0.000</h200>
				<h198>0.000</h198>
				<h196>0.000</h196>
			</data>
			<data>
				<sensor>2</sensor>
				<h202>0.000</h202>
				<h200>0.000</h200>
				<h198>0.000</h198>
				<h196>0.000</h196>
			</data>
			<data>
				<sensor>3</sensor>
				<h202>0.000</h202>
				<h200>0.000</h200>
				<h198>0.000</h198>
				<h196>0.000</h196>
			</data>
			<data>
				<sensor>4</sensor>
				<h202>0.000</h202>
				<h200>0.000</h200>
				<h198>0.000</h198>
				<h196>0.000</h196>
			</data>
			<data>
				<sensor>5</sensor>
				<h202>0.000</h202>
				<h200>0.000</h200>
				<h198>0.000</h198>
				<h196>0.000</h196>
			</data>
			<data>
				<sensor>6</sensor>
				<h202>0.000</h202>
				<h200>0.000</h200>
				<h198>0.000</h198>
				<h196>0.000</h196>
			</data>
			<data>
				<sensor>7</sensor>
				<h202>0.000</h202>
				<h200>0.000</h200>
				<h198>0.000</h198>
				<h196>0.000</h196>
			</data>
			<data>
				<sensor>8</sensor>
				<h202>0.000</h202>
				<h200>0.000</h200>
				<h198>0.000</h198>
				<h196>0.000</h196>
			</data>
			<data>
				<sensor>9</sensor>
				<h202>0.000</h202>
				<h200>0.000</h200>
				<h198>0.000</h198>
				<h196>0.000</h196>
			</data>
		</hist>
	</msg>
	<msg>
		<src>CC128-v0.11</src>
		<dsb>00014</dsb>
		<time>17:04:05</time>
		<tmpr>18.7</tmpr>
		<sensor>0</sensor>
		<id>00077</id>
		<type>1</type>
		<ch1>
			<watts>00870</watts>
		</ch1>
	</msg>
	<msg>
		<src>CC128-v0.11</src>
		<dsb>00014</dsb>
		<time>17:04:10</time>
		<hist>
			<dsw>00015</dsw>
			<type>1</type>
			<units>kwhr</units>
			<data>
				<sensor>0</sensor>
				<h194>0.441</h194>
				<h192>0.428</h192>
				<h190>0.375</h190>
				<h188>0.343</h188>
			</data>
			<data>
				<sensor>1</sensor>
				<h194>0.000</h194>
				<h192>0.000</h192>
				<h190>0.000</h190>
				<h188>0.000</h188>
			</data>
			<data>
				<sensor>2</sensor>
				<h194>0.000</h194>
				<h192>0.000</h192>
				<h190>0.000</h190>
				<h188>0.000</h188>
			</data>
			<data>
				<sensor>3</sensor>
				<h194>0.000</h194>
				<h192>0.000</h192>
				<h190>0.000</h190>
				<h188>0.000</h188>
			</data>
			<data>
				<sensor>4</sensor>
				<h194>0.000</h194>
				<h192>0.000</h192>
				<h190>0.000</h190>
				<h188>0.000</h188>
			</data>
			<data>
				<sensor>5</sensor>
				<h194>0.000</h194>
				<h192>0.000</h192>
				<h190>0.000</h190>
				<h188>0.000</h188>
			</data>
			<data>
				<sensor>6</sensor>
				<h194>0.000</h194>
				<h192>0.000</h192>
				<h190>0.000</h190>
				<h188>0.000</h188>
			</data>
			<data>
				<sensor>7</sensor>
				<h194>0.000</h194>
				<h192>0.000</h192>
				<h190>0.000</h190>
				<h188>0.000</h188>
			</data>
			<data>
				<sensor>8</sensor>
				<h194>0.000</h194>
				<h192>0.000</h192>
				<h190>0.000</h190>
				<h188>0.000</h188>
			</data>
			<data>
				<sensor>9</sensor>
				<h194>0.000</h194>
				<h192>0.000</h192>
				<h190>0.000</h190>
				<h188>0.000</h188>
			</data>
		</hist>
	</msg>
	<msg>
		<src>CC128-v0.11</src>
		<dsb>00014</dsb>
		<time>17:04:11</time>
		<tmpr>18.8</tmpr>
		<sensor>0</sensor>
		<id>00077</id>
		<type>1</type>
		<ch1>
			<watts>00852</watts>
		</ch1>
	</msg>
	<msg>
		<src>CC128-v0.11</src>
		<dsb>00014</dsb>
		<time>17:04:17</time>
		<tmpr>18.8</tmpr>
		<sensor>0</sensor>
		<id>00077</id>
		<type>1</type>
		<ch1>
			<watts>00845</watts>
		</ch1>
	</msg>
	<msg>
		<src>CC128-v0.11</src>
		<dsb>00014</dsb>
		<time>17:04:20</time>
		<hist>
			<dsw>00015</dsw>
			<type>1</type>
			<units>kwhr</units>
			<data>
				<sensor>0</sensor>
				<h186>0.344</h186>
				<h184>0.336</h184>
				<h182>0.384</h182>
				<h180>0.388</h180>
			</data>
			<data>
				<sensor>1</sensor>
				<h186>0.000</h186>
				<h184>0.000</h184>
				<h182>0.000</h182>
				<h180>0.000</h180>
			</data>
			<data>
				<sensor>2</sensor>
				<h186>0.000</h186>
				<h184>0.000</h184>
				<h182>0.000</h182>
				<h180>0.000</h180>
			</data>
			<data>
				<sensor>3</sensor>
				<h186>0.000</h186>
				<h184>0.000</h184>
				<h182>0.000</h182>
				<h180>0.000</h180>
			</data>
			<data>
				<sensor>4</sensor>
				<h186>0.000</h186>
				<h184>0.000</h184>
				<h182>0.000</h182>
				<h180>0.000</h180>
			</data>
			<data>
				<sensor>5</sensor>
				<h186>0.000</h186>
				<h184>0.000</h184>
				<h182>0.000</h182>
				<h180>0.000</h180>
			</data>
			<data>
				<sensor>6</sensor>
				<h186>0.000</h186>
				<h184>0.000</h184>
				<h182>0.000</h182>
				<h180>0.000</h180>
			</data>
			<data>
				<sensor>7</sensor>
				<h186>0.000</h186>
				<h184>0.000</h184>
				<h182>0.000</h182>
				<h180>0.000</h180>
			</data>
			<data>
				<sensor>8</sensor>
				<h186>0.000</h186>
				<h184>0.000</h184>
				<h182>0.000</h182>
				<h180>0.000</h180>
			</data>
			<data>
				<sensor>9</sensor>
				<h186>0.000</h186>
				<h184>0.000</h184>
				<h182>0.000</h182>
				<h180>0.000</h180>
			</data>
		</hist>
	</msg>
	<msg>
		<src>CC128-v0.11</src>
		<dsb>00014</dsb>
		<time>17:04:23</time>
		<tmpr>18.8</tmpr>
		<sensor>0</sensor>
		<id>00077</id>
		<type>1</type>
		<ch1>
			<watts>00841</watts>
		</ch1>
	</msg>
	<msg>
		<src>CC128-v0.11</src>
		<dsb>00014</dsb>
		<time>17:04:29</time>
		<tmpr>18.8</tmpr>
		<sensor>0</sensor>
		<id>00077</id>
		<type>1</type>
		<ch1>
			<watts>00833</watts>
		</ch1>
	</msg>
	<msg>
		<src>CC128-v0.11</src>
		<dsb>00014</dsb>
		<time>17:04:30</time>
		<hist>
			<dsw>00015</dsw>
			<type>1</type>
			<units>kwhr</units>
			<data>
				<sensor>0</sensor>
				<h178>0.342</h178>
				<h176>0.360</h176>
				<h174>0.342</h174>
				<h172>0.416</h172>
			</data>
			<data>
				<sensor>1</sensor>
				<h178>0.000</h178>
				<h176>0.000</h176>
				<h174>0.000</h174>
				<h172>0.000</h172>
			</data>
			<data>
				<sensor>2</sensor>
				<h178>0.000</h178>
				<h176>0.000</h176>
				<h174>0.000</h174>
				<h172>0.000</h172>
			</data>
			<data>
				<sensor>3</sensor>
				<h178>0.000</h178>
				<h176>0.000</h176>
				<h174>0.000</h174>
				<h172>0.000</h172>
			</data>
			<data>
				<sensor>4</sensor>
				<h178>0.000</h178>
				<h176>0.000</h176>
				<h174>0.000</h174>
				<h172>0.000</h172>
			</data>
			<data>
				<sensor>5</sensor>
				<h178>0.000</h178>
				<h176>0.000</h176>
				<h174>0.000</h174>
				<h172>0.000</h172>
			</data>
			<data>
				<sensor>6</sensor>
				<h178>0.000</h178>
				<h176>0.000</h176>
				<h174>0.000</h174>
				<h172>0.000</h172>
			</data>
			<data>
				<sensor>7</sensor>
				<h178>0.000</h178>
				<h176>0.000</h176>
				<h174>0.000</h174>
				<h172>0.000</h172>
			</data>
			<data>
				<sensor>8</sensor>
				<h178>0.000</h178>
				<h176>0.000</h176>
				<h174>0.000</h174>
				<h172>0.000</h172>
			</data>
			<data>
				<sensor>9</sensor>
				<h178>0.000</h178>
				<h176>0.000</h176>
				<h174>0.000</h174>
				<h172>0.000</h172>
			</data>
		</hist>
	</msg>
	<msg>
		<src>CC128-v0.11</src>
		<dsb>00014</dsb>
		<time>17:04:35</time>
		<tmpr>18.8</tmpr>
		<sensor>0</sensor>
		<id>00077</id>
		<type>1</type>
		<ch1>
			<watts>00850</watts>
		</ch1>
	</msg>
	<msg>
		<src>CC128-v0.11</src>
		<dsb>00014</dsb>
		<time>17:04:40</time>
		<hist>
			<dsw>00015</dsw>
			<type>1</type>
			<units>kwhr</units>
			<data>
				<sensor>0</sensor>
				<h170>0.413</h170>
				<h168>0.730</h168>
				<h166>0.694</h166>
				<h164>0.372</h164>
			</data>
			<data>
				<sensor>1</sensor>
				<h170>0.000</h170>
				<h168>0.000</h168>
				<h166>0.000</h166>
				<h164>0.000</h164>
			</data>
			<data>
				<sensor>2</sensor>
				<h170>0.000</h170>
				<h168>0.000</h168>
				<h166>0.000</h166>
				<h164>0.000</h164>
			</data>
			<data>
				<sensor>3</sensor>
				<h170>0.000</h170>
				<h168>0.000</h168>
				<h166>0.000</h166>
				<h164>0.000</h164>
			</data>
			<data>
				<sensor>4</sensor>
				<h170>0.000</h170>
				<h168>0.000</h168>
				<h166>0.000</h166>
				<h164>0.000</h164>
			</data>
			<data>
				<sensor>5</sensor>
				<h170>0.000</h170>
				<h168>0.000</h168>
				<h166>0.000</h166>
				<h164>0.000</h164>
			</data>
			<data>
				<sensor>6</sensor>
				<h170>0.000</h170>
				<h168>0.000</h168>
				<h166>0.000</h166>
				<h164>0.000</h164>
			</data>
			<data>
				<sensor>7</sensor>
				<h170>0.000</h170>
				<h168>0.000</h168>
				<h166>0.000</h166>
				<h164>0.000</h164>
			</data>
			<data>
				<sensor>8</sensor>
				<h170>0.000</h170>
				<h168>0.000</h168>
				<h166>0.000</h166>
				<h164>0.000</h164>
			</data>
			<data>
				<sensor>9</sensor>
				<h170>0.000</h170>
				<h168>0.000</h168>
				<h166>0.000</h166>
				<h164>0.000</h164>
			</data>
		</hist>
	</msg>
	<msg>
		<src>CC128-v0.11</src>
		<dsb>00014</dsb>
		<time>17:04:41</time>
		<tmpr>18.8</tmpr>
		<sensor>0</sensor>
		<id>00077</id>
		<type>1</type>
		<ch1>
			<watts>00844</watts>
		</ch1>
	</msg>
	<msg>
		<src>CC128-v0.11</src>
		<dsb>00014</dsb>
		<time>17:04:47</time>
		<tmpr>18.8</tmpr>
		<sensor>0</sensor>
		<id>00077</id>
		<type>1</type>
		<ch1>
			<watts>00841</watts>
		</ch1>
	</msg>
	<msg>
		<src>CC128-v0.11</src>
		<dsb>00014</dsb>
		<time>17:04:50</time>
		<hist>
			<dsw>00015</dsw>
			<type>1</type>
			<units>kwhr</units>
			<data>
				<sensor>0</sensor>
				<h162>0.346</h162>
				<h160>0.363</h160>
				<h158>0.403</h158>
				<h156>0.662</h156>
			</data>
			<data>
				<sensor>1</sensor>
				<h162>0.000</h162>
				<h160>0.000</h160>
				<h158>0.000</h158>
				<h156>0.000</h156>
			</data>
			<data>
				<sensor>2</sensor>
				<h162>0.000</h162>
				<h160>0.000</h160>
				<h158>0.000</h158>
				<h156>0.000</h156>
			</data>
			<data>
				<sensor>3</sensor>
				<h162>0.000</h162>
				<h160>0.000</h160>
				<h158>0.000</h158>
				<h156>0.000</h156>
			</data>
			<data>
				<sensor>4</sensor>
				<h162>0.000</h162>
				<h160>0.000</h160>
				<h158>0.000</h158>
				<h156>0.000</h156>
			</data>
			<data>
				<sensor>5</sensor>
				<h162>0.000</h162>
				<h160>0.000</h160>
				<h158>0.000</h158>
				<h156>0.000</h156>
			</data>
			<data>
				<sensor>6</sensor>
				<h162>0.000</h162>
				<h160>0.000</h160>
				<h158>0.000</h158>
				<h156>0.000</h156>
			</data>
			<data>
				<sensor>7</sensor>
				<h162>0.000</h162>
				<h160>0.000</h160>
				<h158>0.000</h158>
				<h156>0.000</h156>
			</data>
			<data>
				<sensor>8</sensor>
				<h162>0.000</h162>
				<h160>0.000</h160>
				<h158>0.000</h158>
				<h156>0.000</h156>
			</data>
			<data>
				<sensor>9</sensor>
				<h162>0.000</h162>
				<h160>0.000</h160>
				<h158>0.000</h158>
				<h156>0.000</h156>
			</data>
		</hist>
	</msg>
	<msg>
		<src>CC128-v0.11</src>
		<dsb>00014</dsb>
		<time>17:04:53</time>
		<tmpr>18.9</tmpr>
		<sensor>0</sensor>
		<id>00077</id>
		<type>1</type>
		<ch1>
			<watts>00851</watts>
		</ch1>
	</msg>
	<msg>
		<src>CC128-v0.11</src>
		<dsb>00014</dsb>
		<time>17:04:59</time>
		<tmpr>18.9</tmpr>
		<sensor>0</sensor>
		<id>00077</id>
		<type>1</type>
		<ch1>
			<watts>00840</watts>
		</ch1>
	</msg>
	<msg>
		<src>CC128-v0.11</src>
		<dsb>00014</dsb>
		<time>17:05:00</time>
		<hist>
			<dsw>00015</dsw>
			<type>1</type>
			<units>kwhr</units>
			<data>
				<sensor>0</sensor>
				<h154>2.107</h154>
				<h152>1.286</h152>
				<h150>0.817</h150>
				<h148>1.875</h148>
			</data>
			<data>
				<sensor>1</sensor>
				<h154>0.000</h154>
				<h152>0.000</h152>
				<h150>0.000</h150>
				<h148>0.000</h148>
			</data>
			<data>
				<sensor>2</sensor>
				<h154>0.000</h154>
				<h152>0.000</h152>
				<h150>0.000</h150>
				<h148>0.000</h148>
			</data>
			<data>
				<sensor>3</sensor>
				<h154>0.000</h154>
				<h152>0.000</h152>
				<h150>0.000</h150>
				<h148>0.000</h148>
			</data>
			<data>
				<sensor>4</sensor>
				<h154>0.000</h154>
				<h152>0.000</h152>
				<h150>0.000</h150>
				<h148>0.000</h148>
			</data>
			<data>
				<sensor>5</sensor>
				<h154>0.000</h154>
				<h152>0.000</h152>
				<h150>0.000</h150>
				<h148>0.000</h148>
			</data>
			<data>
				<sensor>6</sensor>
				<h154>0.000</h154>
				<h152>0.000</h152>
				<h150>0.000</h150>
				<h148>0.000</h148>
			</data>
			<data>
				<sensor>7</sensor>
				<h154>0.000</h154>
				<h152>0.000</h152>
				<h150>0.000</h150>
				<h148>0.000</h148>
			</data>
			<data>
				<sensor>8</sensor>
				<h154>0.000</h154>
				<h152>0.000</h152>
				<h150>0.000</h150>
				<h148>0.000</h148>
			</data>
			<data>
				<sensor>9</sensor>
				<h154>0.000</h154>
				<h152>0.000</h152>
				<h150>0.000</h150>
				<h148>0.000</h148>
			</data>
		</hist>
	</msg>
	<msg>
		<src>CC128-v0.11</src>
		<dsb>00014</dsb>
		<time>17:05:05</time>
		<tmpr>18.8</tmpr>
		<sensor>0</sensor>
		<id>00077</id>
		<type>1</type>
		<ch1>
			<watts>00839</watts>
		</ch1>
	</msg>
	<msg>
		<src>CC128-v0.11</src>
		<dsb>00014</dsb>
		<time>17:05:10</time>
		<hist>
			<dsw>00015</dsw>
			<type>1</type>
			<units>kwhr</units>
			<data>
				<sensor>0</sensor>
				<h146>3.133</h146>
				<h144>2.567</h144>
				<h142>1.280</h142>
				<h140>0.599</h140>
			</data>
			<data>
				<sensor>1</sensor>
				<h146>0.000</h146>
				<h144>0.000</h144>
				<h142>0.000</h142>
				<h140>0.000</h140>
			</data>
			<data>
				<sensor>2</sensor>
				<h146>0.000</h146>
				<h144>0.000</h144>
				<h142>0.000</h142>
				<h140>0.000</h140>
			</data>
			<data>
				<sensor>3</sensor>
				<h146>0.000</h146>
				<h144>0.000</h144>
				<h142>0.000</h142>
				<h140>0.000</h140>
			</data>
			<data>
				<sensor>4</sensor>
				<h146>0.000</h146>
				<h144>0.000</h144>
				<h142>0.000</h142>
				<h140>0.000</h140>
			</data>
			<data>
				<sensor>5</sensor>
				<h146>0.000</h146>
				<h144>0.000</h144>
				<h142>0.000</h142>
				<h140>0.000</h140>
			</data>
			<data>
				<sensor>6</sensor>
				<h146>0.000</h146>
				<h144>0.000</h144>
				<h142>0.000</h142>
				<h140>0.000</h140>
			</data>
			<data>
				<sensor>7</sensor>
				<h146>0.000</h146>
				<h144>0.000</h144>
				<h142>0.000</h142>
				<h140>0.000</h140>
			</data>
			<data>
				<sensor>8</sensor>
				<h146>0.000</h146>
				<h144>0.000</h144>
				<h142>0.000</h142>
				<h140>0.000</h140>
			</data>
			<data>
				<sensor>9</sensor>
				<h146>0.000</h146>
				<h144>0.000</h144>
				<h142>0.000</h142>
				<h140>0.000</h140>
			</data>
		</hist>
	</msg>
	<msg>
		<src>CC128-v0.11</src>
		<dsb>00014</dsb>
		<time>17:05:11</time>
		<tmpr>18.9</tmpr>
		<sensor>0</sensor>
		<id>00077</id>
		<type>1</type>
		<ch1>
			<watts>00857</watts>
		</ch1>
	</msg>
	<msg>
		<src>CC128-v0.11</src>
		<dsb>00014</dsb>
		<time>17:05:17</time>
		<tmpr>18.9</tmpr>
		<sensor>0</sensor>
		<id>00077</id>
		<type>1</type>
		<ch1>
			<watts>00844</watts>
		</ch1>
	</msg>
	<msg>
		<src>CC128-v0.11</src>
		<dsb>00014</dsb>
		<time>17:05:20</time>
		<hist>
			<dsw>00015</dsw>
			<type>1</type>
			<units>kwhr</units>
			<data>
				<sensor>0</sensor>
				<h138>0.347</h138>
				<h136>0.355</h136>
				<h134>0.427</h134>
				<h132>0.462</h132>
			</data>
			<data>
				<sensor>1</sensor>
				<h138>0.000</h138>
				<h136>0.000</h136>
				<h134>0.000</h134>
				<h132>0.000</h132>
			</data>
			<data>
				<sensor>2</sensor>
				<h138>0.000</h138>
				<h136>0.000</h136>
				<h134>0.000</h134>
				<h132>0.000</h132>
			</data>
			<data>
				<sensor>3</sensor>
				<h138>0.000</h138>
				<h136>0.000</h136>
				<h134>0.000</h134>
				<h132>0.000</h132>
			</data>
			<data>
				<sensor>4</sensor>
				<h138>0.000</h138>
				<h136>0.000</h136>
				<h134>0.000</h134>
				<h132>0.000</h132>
			</data>
			<data>
				<sensor>5</sensor>
				<h138>0.000</h138>
				<h136>0.000</h136>
				<h134>0.000</h134>
				<h132>0.000</h132>
			</data>
			<data>
				<sensor>6</sensor>
				<h138>0.000</h138>
				<h136>0.000</h136>
				<h134>0.000</h134>
				<h132>0.000</h132>
			</data>
			<data>
				<sensor>7</sensor>
				<h138>0.000</h138>
				<h136>0.000</h136>
				<h134>0.000</h134>
				<h132>0.000</h132>
			</data>
			<data>
				<sensor>8</sensor>
				<h138>0.000</h138>
				<h136>0.000</h136>
				<h134>0.000</h134>
				<h132>0.000</h132>
			</data>
			<data>
				<sensor>9</sensor>
				<h138>0.000</h138>
				<h136>0.000</h136>
				<h134>0.000</h134>
				<h132>0.000</h132>
			</data>
		</hist>
	</msg>
	<msg>
		<src>CC128-v0.11</src>
		<dsb>00014</dsb>
		<time>17:05:23</time>
		<tmpr>18.9</tmpr>
		<sensor>0</sensor>
		<id>00077</id>
		<type>1</type>
		<ch1>
			<watts>00827</watts>
		</ch1>
	</msg>
	<msg>
		<src>CC128-v0.11</src>
		<dsb>00014</dsb>
		<time>17:05:29</time>
		<tmpr>18.9</tmpr>
		<sensor>0</sensor>
		<id>00077</id>
		<type>1</type>
		<ch1>
			<watts>00843</watts>
		</ch1>
	</msg>
	<msg>
		<src>CC128-v0.11</src>
		<dsb>00014</dsb>
		<time>17:05:35</time>
		<tmpr>18.9</tmpr>
		<sensor>0</sensor>
		<id>00077</id>
		<type>1</type>
		<ch1>
			<watts>00845</watts>
		</ch1>
	</msg>
	<msg>
		<src>CC128-v0.11</src>
		<dsb>00014</dsb>
		<time>17:05:40</time>
		<hist>
			<dsw>00015</dsw>
			<type>1</type>
			<units>kwhr</units>
			<data>
				<sensor>0</sensor>
				<h122>2.249</h122>
				<h120>1.402</h120>
				<h118>0.995</h118>
				<h116>0.352</h116>
			</data>
			<data>
				<sensor>1</sensor>
				<h122>0.000</h122>
				<h120>0.000</h120>
				<h118>0.000</h118>
				<h116>0.000</h116>
			</data>
			<data>
				<sensor>2</sensor>
				<h122>0.000</h122>
				<h120>0.000</h120>
				<h118>0.000</h118>
				<h116>0.000</h116>
			</data>
			<data>
				<sensor>3</sensor>
				<h122>0.000</h122>
				<h120>0.000</h120>
				<h118>0.000</h118>
				<h116>0.000</h116>
			</data>
			<data>
				<sensor>4</sensor>
				<h122>0.000</h122>
				<h120>0.000</h120>
				<h118>0.000</h118>
				<h116>0.000</h116>
			</data>
			<data>
				<sensor>5</sensor>
				<h122>0.000</h122>
				<h120>0.000</h120>
				<h118>0.000</h118>
				<h116>0.000</h116>
			</data>
			<data>
				<sensor>6</sensor>
				<h122>0.000</h122>
				<h120>0.000</h120>
				<h118>0.000</h118>
				<h116>0.000</h116>
			</data>
			<data>
				<sensor>7</sensor>
				<h122>0.000</h122>
				<h120>0.000</h120>
				<h118>0.000</h118>
				<h116>0.000</h116>
			</data>
			<data>
				<sensor>8</sensor>
				<h122>0.000</h122>
				<h120>0.000</h120>
				<h118>0.000</h118>
				<h116>0.000</h116>
			</data>
			<data>
				<sensor>9</sensor>
				<h122>0.000</h122>
				<h120>0.000</h120>
				<h118>0.000</h118>
				<h116>0.000</h116>
			</data>
		</hist>
	</msg>
	<msg>
		<src>CC128-v0.11</src>
		<dsb>00014</dsb>
		<time>17:05:41</time>
		<tmpr>18.9</tmpr>
		<sensor>0</sensor>
		<id>00077</id>
		<type>1</type>
		<ch1>
			<watts>00798</watts>
		</ch1>
	</msg>
	<msg>
		<src>CC128-v0.11</src>
		<dsb>00014</dsb>
		<time>17:05:47</time>
		<tmpr>18.9</tmpr>
		<sensor>0</sensor>
		<id>00077</id>
		<type>1</type>
		<ch1>
			<watts>00794</watts>
		</ch1>
	</msg>
	<msg>
		<src>CC128-v0.11</src>
		<dsb>00014</dsb>
		<time>17:05:50</time>
		<hist>
			<dsw>00015</dsw>
			<type>1</type>
			<units>kwhr</units>
			<data>
				<sensor>0</sensor>
				<h114>0.338</h114>
				<h112>0.363</h112>
				<h110>0.424</h110>
				<h108>0.543</h108>
			</data>
			<data>
				<sensor>1</sensor>
				<h114>0.000</h114>
				<h112>0.000</h112>
				<h110>0.000</h110>
				<h108>0.000</h108>
			</data>
			<data>
				<sensor>2</sensor>
				<h114>0.000</h114>
				<h112>0.000</h112>
				<h110>0.000</h110>
				<h108>0.000</h108>
			</data>
			<data>
				<sensor>3</sensor>
				<h114>0.000</h114>
				<h112>0.000</h112>
				<h110>0.000</h110>
				<h108>0.000</h108>
			</data>
			<data>
				<sensor>4</sensor>
				<h114>0.000</h114>
				<h112>0.000</h112>
				<h110>0.000</h110>
				<h108>0.000</h108>
			</data>
			<data>
				<sensor>5</sensor>
				<h114>0.000</h114>
				<h112>0.000</h112>
				<h110>0.000</h110>
				<h108>0.000</h108>
			</data>
			<data>
				<sensor>6</sensor>
				<h114>0.000</h114>
				<h112>0.000</h112>
				<h110>0.000</h110>
				<h108>0.000</h108>
			</data>
			<data>
				<sensor>7</sensor>
				<h114>0.000</h114>
				<h112>0.000</h112>
				<h110>0.000</h110>
				<h108>0.000</h108>
			</data>
			<data>
				<sensor>8</sensor>
				<h114>0.000</h114>
				<h112>0.000</h112>
				<h110>0.000</h110>
				<h108>0.000</h108>
			</data>
			<data>
				<sensor>9</sensor>
				<h114>0.000</h114>
				<h112>0.000</h112>
				<h110>0.000</h110>
				<h108>0.000</h108>
			</data>
		</hist>
	</msg>
	<msg>
		<src>CC128-v0.11</src>
		<dsb>00014</dsb>
		<time>17:05:53</time>
		<tmpr>18.9</tmpr>
		<sensor>0</sensor>
		<id>00077</id>
		<type>1</type>
		<ch1>
			<watts>00808</watts>
		</ch1>
	</msg>
	<msg>
		<src>CC128-v0.11</src>
		<dsb>00014</dsb>
		<time>17:05:59</time>
		<tmpr>18.9</tmpr>
		<sensor>0</sensor>
		<id>00077</id>
		<type>1</type>
		<ch1>
			<watts>00801</watts>
		</ch1>
	</msg>
	<msg>
		<src>CC128-v0.11</src>
		<dsb>00014</dsb>
		<time>17:06:00</time>
		<hist>
			<dsw>00015</dsw>
			<type>1</type>
			<units>kwhr</units>
			<data>
				<sensor>0</sensor>
				<h106>2.510</h106>
				<h104>3.092</h104>
				<h102>1.019</h102>
				<h100>1.029</h100>
			</data>
			<data>
				<sensor>1</sensor>
				<h106>0.000</h106>
				<h104>0.000</h104>
				<h102>0.000</h102>
				<h100>0.000</h100>
			</data>
			<data>
				<sensor>2</sensor>
				<h106>0.000</h106>
				<h104>0.000</h104>
				<h102>0.000</h102>
				<h100>0.000</h100>
			</data>
			<data>
				<sensor>3</sensor>
				<h106>0.000</h106>
				<h104>0.000</h104>
				<h102>0.000</h102>
				<h100>0.000</h100>
			</data>
			<data>
				<sensor>4</sensor>
				<h106>0.000</h106>
				<h104>0.000</h104>
				<h102>0.000</h102>
				<h100>0.000</h100>
			</data>
			<data>
				<sensor>5</sensor>
				<h106>0.000</h106>
				<h104>0.000</h104>
				<h102>0.000</h102>
				<h100>0.000</h100>
			</data>
			<data>
				<sensor>6</sensor>
				<h106>0.000</h106>
				<h104>0.000</h104>
				<h102>0.000</h102>
				<h100>0.000</h100>
			</data>
			<data>
				<sensor>7</sensor>
				<h106>0.000</h106>
				<h104>0.000</h104>
				<h102>0.000</h102>
				<h100>0.000</h100>
			</data>
			<data>
				<sensor>8</sensor>
				<h106>0.000</h106>
				<h104>0.000</h104>
				<h102>0.000</h102>
				<h100>0.000</h100>
			</data>
			<data>
				<sensor>9</sensor>
				<h106>0.000</h106>
				<h104>0.000</h104>
				<h102>0.000</h102>
				<h100>0.000</h100>
			</data>
		</hist>
	</msg>
	<msg>
		<src>CC128-v0.11</src>
		<dsb>00014</dsb>
		<time>17:06:05</time>
		<tmpr>18.9</tmpr>
		<sensor>0</sensor>
		<id>00077</id>
		<type>1</type>
		<ch1>
			<watts>00796</watts>
		</ch1>
	</msg>
	<msg>
		<src>CC128-v0.11</src>
		<dsb>00014</dsb>
		<time>17:06:10</time>
		<hist>
			<dsw>00015</dsw>
			<type>1</type>
			<units>kwhr</units>
			<data>
				<sensor>0</sensor>
				<h098>1.312</h098>
				<h096>1.392</h096>
				<h094>0.791</h094>
				<h092>0.813</h092>
			</data>
			<data>
				<sensor>1</sensor>
				<h098>0.000</h098>
				<h096>0.000</h096>
				<h094>0.000</h094>
				<h092>0.000</h092>
			</data>
			<data>
				<sensor>2</sensor>
				<h098>0.000</h098>
				<h096>0.000</h096>
				<h094>0.000</h094>
				<h092>0.000</h092>
			</data>
			<data>
				<sensor>3</sensor>
				<h098>0.000</h098>
				<h096>0.000</h096>
				<h094>0.000</h094>
				<h092>0.000</h092>
			</data>
			<data>
				<sensor>4</sensor>
				<h098>0.000</h098>
				<h096>0.000</h096>
				<h094>0.000</h094>
				<h092>0.000</h092>
			</data>
			<data>
				<sensor>5</sensor>
				<h098>0.000</h098>
				<h096>0.000</h096>
				<h094>0.000</h094>
				<h092>0.000</h092>
			</data>
			<data>
				<sensor>6</sensor>
				<h098>0.000</h098>
				<h096>0.000</h096>
				<h094>0.000</h094>
				<h092>0.000</h092>
			</data>
			<data>
				<sensor>7</sensor>
				<h098>0.000</h098>
				<h096>0.000</h096>
				<h094>0.000</h094>
				<h092>0.000</h092>
			</data>
			<data>
				<sensor>8</sensor>
				<h098>0.000</h098>
				<h096>0.000</h096>
				<h094>0.000</h094>
				<h092>0.000</h092>
			</data>
			<data>
				<sensor>9</sensor>
				<h098>0.000</h098>
				<h096>0.000</h096>
				<h094>0.000</h094>
				<h092>0.000</h092>
			</data>
		</hist>
	</msg>
	<msg>
		<src>CC128-v0.11</src>
		<dsb>00014</dsb>
		<time>17:06:11</time>
		<tmpr>18.9</tmpr>
		<sensor>0</sensor>
		<id>00077</id>
		<type>1</type>
		<ch1>
			<watts>00813</watts>
		</ch1>
	</msg>
	<msg>
		<src>CC128-v0.11</src>
		<dsb>00014</dsb>
		<time>17:06:17</time>
		<tmpr>18.9</tmpr>
		<sensor>0</sensor>
		<id>00077</id>
		<type>1</type>
		<ch1>
			<watts>00799</watts>
		</ch1>
	</msg>
	<msg>
		<src>CC128-v0.11</src>
		<dsb>00014</dsb>
		<time>17:06:20</time>
		<hist>
			<dsw>00015</dsw>
			<type>1</type>
			<units>kwhr</units>
			<data>
				<sensor>0</sensor>
				<h090>0.342</h090>
				<h088>0.364</h088>
				<h086>0.423</h086>
				<h084>0.662</h084>
			</data>
			<data>
				<sensor>1</sensor>
				<h090>0.000</h090>
				<h088>0.000</h088>
				<h086>0.000</h086>
				<h084>0.000</h084>
			</data>
			<data>
				<sensor>2</sensor>
				<h090>0.000</h090>
				<h088>0.000</h088>
				<h086>0.000</h086>
				<h084>0.000</h084>
			</data>
			<data>
				<sensor>3</sensor>
				<h090>0.000</h090>
				<h088>0.000</h088>
				<h086>0.000</h086>
				<h084>0.000</h084>
			</data>
			<data>
				<sensor>4</sensor>
				<h090>0.000</h090>
				<h088>0.000</h088>
				<h086>0.000</h086>
				<h084>0.000</h084>
			</data>
			<data>
				<sensor>5</sensor>
				<h090>0.000</h090>
				<h088>0.000</h088>
				<h086>0.000</h086>
				<h084>0.000</h084>
			</data>
			<data>
				<sensor>6</sensor>
				<h090>0.000</h090>
				<h088>0.000</h088>
				<h086>0.000</h086>
				<h084>0.000</h084>
			</data>
			<data>
				<sensor>7</sensor>
				<h090>0.000</h090>
				<h088>0.000</h088>
				<h086>0.000</h086>
				<h084>0.000</h084>
			</data>
			<data>
				<sensor>8</sensor>
				<h090>0.000</h090>
				<h088>0.000</h088>
				<h086>0.000</h086>
				<h084>0.000</h084>
			</data>
			<data>
				<sensor>9</sensor>
				<h090>0.000</h090>
				<h088>0.000</h088>
				<h086>0.000</h086>
				<h084>0.000</h084>
			</data>
		</hist>
	</msg>
	<msg>
		<src>CC128-v0.11</src>
		<dsb>00014</dsb>
		<time>17:06:23</time>
		<tmpr>19.0</tmpr>
		<sensor>0</sensor>
		<id>00077</id>
		<type>1</type>
		<ch1>
			<watts>00816</watts>
		</ch1>
	</msg>
	<msg>
		<src>CC128-v0.11</src>
		<dsb>00014</dsb>
		<time>17:06:29</time>
		<tmpr>19.0</tmpr>
		<sensor>0</sensor>
		<id>00077</id>
		<type>1</type>
		<ch1>
			<watts>00807</watts>
		</ch1>
	</msg>
	<msg>
		<src>CC128-v0.11</src>
		<dsb>00014</dsb>
		<time>17:06:30</time>
		<hist>
			<dsw>00015</dsw>
			<type>1</type>
			<units>kwhr</units>
			<data>
				<sensor>0</sensor>
				<h082>2.276</h082>
				<h080>1.965</h080>
				<h078>2.229</h078>
				<h076>1.941</h076>
			</data>
			<data>
				<sensor>1</sensor>
				<h082>0.000</h082>
				<h080>0.000</h080>
				<h078>0.000</h078>
				<h076>0.000</h076>
			</data>
			<data>
				<sensor>2</sensor>
				<h082>0.000</h082>
				<h080>0.000</h080>
				<h078>0.000</h078>
				<h076>0.000</h076>
			</data>
			<data>
				<sensor>3</sensor>
				<h082>0.000</h082>
				<h080>0.000</h080>
				<h078>0.000</h078>
				<h076>0.000</h076>
			</data>
			<data>
				<sensor>4</sensor>
				<h082>0.000</h082>
				<h080>0.000</h080>
				<h078>0.000</h078>
				<h076>0.000</h076>
			</data>
			<data>
				<sensor>5</sensor>
				<h082>0.000</h082>
				<h080>0.000</h080>
				<h078>0.000</h078>
				<h076>0.000</h076>
			</data>
			<data>
				<sensor>6</sensor>
				<h082>0.000</h082>
				<h080>0.000</h080>
				<h078>0.000</h078>
				<h076>0.000</h076>
			</data>
			<data>
				<sensor>7</sensor>
				<h082>0.000</h082>
				<h080>0.000</h080>
				<h078>0.000</h078>
				<h076>0.000</h076>
			</data>
			<data>
				<sensor>8</sensor>
				<h082>0.000</h082>
				<h080>0.000</h080>
				<h078>0.000</h078>
				<h076>0.000</h076>
			</data>
			<data>
				<sensor>9</sensor>
				<h082>0.000</h082>
				<h080>0.000</h080>
				<h078>0.000</h078>
				<h076>0.000</h076>
			</data>
		</hist>
	</msg>
	<msg>
		<src>CC128-v0.11</src>
		<dsb>00014</dsb>
		<time>17:06:35</time>
		<tmpr>19.0</tmpr>
		<sensor>0</sensor>
		<id>00077</id>
		<type>1</type>
		<ch1>
			<watts>00800</watts>
		</ch1>
	</msg>
	<msg>
		<src>CC128-v0.11</src>
		<dsb>00014</dsb>
		<time>17:06:40</time>
		<hist>
			<dsw>00015</dsw>
			<type>1</type>
			<units>kwhr</units>
			<data>
				<sensor>0</sensor>
				<h074>1.544</h074>
				<h072>3.422</h072>
				<h070>1.974</h070>
				<h068>0.526</h068>
			</data>
			<data>
				<sensor>1</sensor>
				<h074>0.000</h074>
				<h072>0.000</h072>
				<h070>0.000</h070>
				<h068>0.000</h068>
			</data>
			<data>
				<sensor>2</sensor>
				<h074>0.000</h074>
				<h072>0.000</h072>
				<h070>0.000</h070>
				<h068>0.000</h068>
			</data>
			<data>
				<sensor>3</sensor>
				<h074>0.000</h074>
				<h072>0.000</h072>
				<h070>0.000</h070>
				<h068>0.000</h068>
			</data>
			<data>
				<sensor>4</sensor>
				<h074>0.000</h074>
				<h072>0.000</h072>
				<h070>0.000</h070>
				<h068>0.000</h068>
			</data>
			<data>
				<sensor>5</sensor>
				<h074>0.000</h074>
				<h072>0.000</h072>
				<h070>0.000</h070>
				<h068>0.000</h068>
			</data>
			<data>
				<sensor>6</sensor>
				<h074>0.000</h074>
				<h072>0.000</h072>
				<h070>0.000</h070>
				<h068>0.000</h068>
			</data>
			<data>
				<sensor>7</sensor>
				<h074>0.000</h074>
				<h072>0.000</h072>
				<h070>0.000</h070>
				<h068>0.000</h068>
			</data>
			<data>
				<sensor>8</sensor>
				<h074>0.000</h074>
				<h072>0.000</h072>
				<h070>0.000</h070>
				<h068>0.000</h068>
			</data>
			<data>
				<sensor>9</sensor>
				<h074>0.000</h074>
				<h072>0.000</h072>
				<h070>0.000</h070>
				<h068>0.000</h068>
			</data>
		</hist>
	</msg>
	<msg>
		<src>CC128-v0.11</src>
		<dsb>00014</dsb>
		<time>17:06:41</time>
		<tmpr>19.0</tmpr>
		<sensor>0</sensor>
		<id>00077</id>
		<type>1</type>
		<ch1>
			<watts>00801</watts>
		</ch1>
	</msg>
	<msg>
		<src>CC128-v0.11</src>
		<dsb>00014</dsb>
		<time>17:06:47</time>
		<tmpr>19.0</tmpr>
		<sensor>0</sensor>
		<id>00077</id>
		<type>1</type>
		<ch1>
			<watts>00796</watts>
		</ch1>
	</msg>
	<msg>
		<src>CC128-v0.11</src>
		<dsb>00014</dsb>
		<time>17:06:50</time>
		<hist>
			<dsw>00015</dsw>
			<type>1</type>
			<units>kwhr</units>
			<data>
				<sensor>0</sensor>
				<h066>0.377</h066>
				<h064>0.365</h064>
				<h062>0.418</h062>
				<h060>0.513</h060>
			</data>
			<data>
				<sensor>1</sensor>
				<h066>0.000</h066>
				<h064>0.000</h064>
				<h062>0.000</h062>
				<h060>0.000</h060>
			</data>
			<data>
				<sensor>2</sensor>
				<h066>0.000</h066>
				<h064>0.000</h064>
				<h062>0.000</h062>
				<h060>0.000</h060>
			</data>
			<data>
				<sensor>3</sensor>
				<h066>0.000</h066>
				<h064>0.000</h064>
				<h062>0.000</h062>
				<h060>0.000</h060>
			</data>
			<data>
				<sensor>4</sensor>
				<h066>0.000</h066>
				<h064>0.000</h064>
				<h062>0.000</h062>
				<h060>0.000</h060>
			</data>
			<data>
				<sensor>5</sensor>
				<h066>0.000</h066>
				<h064>0.000</h064>
				<h062>0.000</h062>
				<h060>0.000</h060>
			</data>
			<data>
				<sensor>6</sensor>
				<h066>0.000</h066>
				<h064>0.000</h064>
				<h062>0.000</h062>
				<h060>0.000</h060>
			</data>
			<data>
				<sensor>7</sensor>
				<h066>0.000</h066>
				<h064>0.000</h064>
				<h062>0.000</h062>
				<h060>0.000</h060>
			</data>
			<data>
				<sensor>8</sensor>
				<h066>0.000</h066>
				<h064>0.000</h064>
				<h062>0.000</h062>
				<h060>0.000</h060>
			</data>
			<data>
				<sensor>9</sensor>
				<h066>0.000</h066>
				<h064>0.000</h064>
				<h062>0.000</h062>
				<h060>0.000</h060>
			</data>
		</hist>
	</msg>
	<msg>
		<src>CC128-v0.11</src>
		<dsb>00014</dsb>
		<time>17:06:53</time>
		<tmpr>19.0</tmpr>
		<sensor>0</sensor>
		<id>00077</id>
		<type>1</type>
		<ch1>
			<watts>00796</watts>
		</ch1>
	</msg>
	<msg>
		<src>CC128-v0.11</src>
		<dsb>00014</dsb>
		<time>17:06:59</time>
		<tmpr>19.0</tmpr>
		<sensor>0</sensor>
		<id>00077</id>
		<type>1</type>
		<ch1>
			<watts>00808</watts>
		</ch1>
	</msg>
	<msg>
		<src>CC128-v0.11</src>
		<dsb>00014</dsb>
		<time>17:07:00</time>
		<hist>
			<dsw>00015</dsw>
			<type>1</type>
			<units>kwhr</units>
			<data>
				<sensor>0</sensor>
				<h058>2.047</h058>
				<h056>1.045</h056>
				<h054>1.148</h054>
				<h052>1.916</h052>
			</data>
			<data>
				<sensor>1</sensor>
				<h058>0.000</h058>
				<h056>0.000</h056>
				<h054>0.000</h054>
				<h052>0.000</h052>
			</data>
			<data>
				<sensor>2</sensor>
				<h058>0.000</h058>
				<h056>0.000</h056>
				<h054>0.000</h054>
				<h052>0.000</h052>
			</data>
			<data>
				<sensor>3</sensor>
				<h058>0.000</h058>
				<h056>0.000</h056>
				<h054>0.000</h054>
				<h052>0.000</h052>
			</data>
			<data>
				<sensor>4</sensor>
				<h058>0.000</h058>
				<h056>0.000</h056>
				<h054>0.000</h054>
				<h052>0.000</h052>
			</data>
			<data>
				<sensor>5</sensor>
				<h058>0.000</h058>
				<h056>0.000</h056>
				<h054>0.000</h054>
				<h052>0.000</h052>
			</data>
			<data>
				<sensor>6</sensor>
				<h058>0.000</h058>
				<h056>0.000</h056>
				<h054>0.000</h054>
				<h052>0.000</h052>
			</data>
			<data>
				<sensor>7</sensor>
				<h058>0.000</h058>
				<h056>0.000</h056>
				<h054>0.000</h054>
				<h052>0.000</h052>
			</data>
			<data>
				<sensor>8</sensor>
				<h058>0.000</h058>
				<h056>0.000</h056>
				<h054>0.000</h054>
				<h052>0.000</h052>
			</data>
			<data>
				<sensor>9</sensor>
				<h058>0.000</h058>
				<h056>0.000</h056>
				<h054>0.000</h054>
				<h052>0.000</h052>
			</data>
		</hist>
	</msg>
	<msg>
		<src>CC128-v0.11</src>
		<dsb>00014</dsb>
		<time>17:07:10</time>
		<hist>
			<dsw>00015</dsw>
			<type>1</type>
			<units>kwhr</units>
			<data>
				<sensor>0</sensor>
				<h050>0.917</h050>
				<h048>3.596</h048>
				<h046>1.982</h046>
				<h044>0.550</h044>
			</data>
			<data>
				<sensor>1</sensor>
				<h050>0.000</h050>
				<h048>0.000</h048>
				<h046>0.000</h046>
				<h044>0.000</h044>
			</data>
			<data>
				<sensor>2</sensor>
				<h050>0.000</h050>
				<h048>0.000</h048>
				<h046>0.000</h046>
				<h044>0.000</h044>
			</data>
			<data>
				<sensor>3</sensor>
				<h050>0.000</h050>
				<h048>0.000</h048>
				<h046>0.000</h046>
				<h044>0.000</h044>
			</data>
			<data>
				<sensor>4</sensor>
				<h050>0.000</h050>
				<h048>0.000</h048>
				<h046>0.000</h046>
				<h044>0.000</h044>
			</data>
			<data>
				<sensor>5</sensor>
				<h050>0.000</h050>
				<h048>0.000</h048>
				<h046>0.000</h046>
				<h044>0.000</h044>
			</data>
			<data>
				<sensor>6</sensor>
				<h050>0.000</h050>
				<h048>0.000</h048>
				<h046>0.000</h046>
				<h044>0.000</h044>
			</data>
			<data>
				<sensor>7</sensor>
				<h050>0.000</h050>
				<h048>0.000</h048>
				<h046>0.000</h046>
				<h044>0.000</h044>
			</data>
			<data>
				<sensor>8</sensor>
				<h050>0.000</h050>
				<h048>0.000</h048>
				<h046>0.000</h046>
				<h044>0.000</h044>
			</data>
			<data>
				<sensor>9</sensor>
				<h050>0.000</h050>
				<h048>0.000</h048>
				<h046>0.000</h046>
				<h044>0.000</h044>
			</data>
		</hist>
	</msg>
	<msg>
		<src>CC128-v0.11</src>
		<dsb>00014</dsb>
		<time>17:07:12</time>
		<tmpr>19.0</tmpr>
		<sensor>0</sensor>
		<id>00077</id>
		<type>1</type>
		<ch1>
			<watts>00805</watts>
		</ch1>
	</msg>
	<msg>
		<src>CC128-v0.11</src>
		<dsb>00014</dsb>
		<time>17:07:20</time>
		<hist>
			<dsw>00015</dsw>
			<type>1</type>
			<units>kwhr</units>
			<data>
				<sensor>0</sensor>
				<h042>0.346</h042>
				<h040>0.358</h040>
				<h038>0.414</h038>
				<h036>0.506</h036>
			</data>
			<data>
				<sensor>1</sensor>
				<h042>0.000</h042>
				<h040>0.000</h040>
				<h038>0.000</h038>
				<h036>0.000</h036>
			</data>
			<data>
				<sensor>2</sensor>
				<h042>0.000</h042>
				<h040>0.000</h040>
				<h038>0.000</h038>
				<h036>0.000</h036>
			</data>
			<data>
				<sensor>3</sensor>
				<h042>0.000</h042>
				<h040>0.000</h040>
				<h038>0.000</h038>
				<h036>0.000</h036>
			</data>
			<data>
				<sensor>4</sensor>
				<h042>0.000</h042>
				<h040>0.000</h040>
				<h038>0.000</h038>
				<h036>0.000</h036>
			</data>
			<data>
				<sensor>5</sensor>
				<h042>0.000</h042>
				<h040>0.000</h040>
				<h038>0.000</h038>
				<h036>0.000</h036>
			</data>
			<data>
				<sensor>6</sensor>
				<h042>0.000</h042>
				<h040>0.000</h040>
				<h038>0.000</h038>
				<h036>0.000</h036>
			</data>
			<data>
				<sensor>7</sensor>
				<h042>0.000</h042>
				<h040>0.000</h040>
				<h038>0.000</h038>
				<h036>0.000</h036>
			</data>
			<data>
				<sensor>8</sensor>
				<h042>0.000</h042>
				<h040>0.000</h040>
				<h038>0.000</h038>
				<h036>0.000</h036>
			</data>
			<data>
				<sensor>9</sensor>
				<h042>0.000</h042>
				<h040>0.000</h040>
				<h038>0.000</h038>
				<h036>0.000</h036>
			</data>
		</hist>
	</msg>
	<msg>
		<src>CC128-v0.11</src>
		<dsb>00014</dsb>
		<time>17:07:24</time>
		<tmpr>19.0</tmpr>
		<sensor>0</sensor>
		<id>00077</id>
		<type>1</type>
		<ch1>
			<watts>00807</watts>
		</ch1>
	</msg>
	<msg>
		<src>CC128-v0.11</src>
		<dsb>00014</dsb>
		<time>17:07:30</time>
		<hist>
			<dsw>00015</dsw>
			<type>1</type>
			<units>kwhr</units>
			<data>
				<sensor>0</sensor>
				<h034>1.059</h034>
				<h032>1.016</h032>
				<h030>1.042</h030>
				<h028>1.583</h028>
			</data>
			<data>
				<sensor>1</sensor>
				<h034>0.000</h034>
				<h032>0.000</h032>
				<h030>0.000</h030>
				<h028>0.000</h028>
			</data>
			<data>
				<sensor>2</sensor>
				<h034>0.000</h034>
				<h032>0.000</h032>
				<h030>0.000</h030>
				<h028>0.000</h028>
			</data>
			<data>
				<sensor>3</sensor>
				<h034>0.000</h034>
				<h032>0.000</h032>
				<h030>0.000</h030>
				<h028>0.000</h028>
			</data>
			<data>
				<sensor>4</sensor>
				<h034>0.000</h034>
				<h032>0.000</h032>
				<h030>0.000</h030>
				<h028>0.000</h028>
			</data>
			<data>
				<sensor>5</sensor>
				<h034>0.000</h034>
				<h032>0.000</h032>
				<h030>0.000</h030>
				<h028>0.000</h028>
			</data>
			<data>
				<sensor>6</sensor>
				<h034>0.000</h034>
				<h032>0.000</h032>
				<h030>0.000</h030>
				<h028>0.000</h028>
			</data>
			<data>
				<sensor>7</sensor>
				<h034>0.000</h034>
				<h032>0.000</h032>
				<h030>0.000</h030>
				<h028>0.000</h028>
			</data>
			<data>
				<sensor>8</sensor>
				<h034>0.000</h034>
				<h032>0.000</h032>
				<h030>0.000</h030>
				<h028>0.000</h028>
			</data>
			<data>
				<sensor>9</sensor>
				<h034>0.000</h034>
				<h032>0.000</h032>
				<h030>0.000</h030>
				<h028>0.000</h028>
			</data>
		</hist>
	</msg>
	<msg>
		<src>CC128-v0.11</src>
		<dsb>00014</dsb>
		<time>17:07:30</time>
		<tmpr>19.0</tmpr>
		<sensor>0</sensor>
		<id>00077</id>
		<type>1</type>
		<ch1>
			<watts>00706</watts>
		</ch1>
	</msg>
	<msg>
		<src>CC128-v0.11</src>
		<dsb>00014</dsb>
		<time>17:07:36</time>
		<tmpr>19.0</tmpr>
		<sensor>0</sensor>
		<id>00077</id>
		<type>1</type>
		<ch1>
			<watts>00706</watts>
		</ch1>
	</msg>
	<msg>
		<src>CC128-v0.11</src>
		<dsb>00014</dsb>
		<time>17:07:40</time>
		<hist>
			<dsw>00015</dsw>
			<type>1</type>
			<units>kwhr</units>
			<data>
				<sensor>0</sensor>
				<h026>1.299</h026>
				<h024>2.468</h024>
				<h022>1.602</h022>
				<h020>0.865</h020>
			</data>
			<data>
				<sensor>1</sensor>
				<h026>0.000</h026>
				<h024>0.000</h024>
				<h022>0.000</h022>
				<h020>0.000</h020>
			</data>
			<data>
				<sensor>2</sensor>
				<h026>0.000</h026>
				<h024>0.000</h024>
				<h022>0.000</h022>
				<h020>0.000</h020>
			</data>
			<data>
				<sensor>3</sensor>
				<h026>0.000</h026>
				<h024>0.000</h024>
				<h022>0.000</h022>
				<h020>0.000</h020>
			</data>
			<data>
				<sensor>4</sensor>
				<h026>0.000</h026>
				<h024>0.000</h024>
				<h022>0.000</h022>
				<h020>0.000</h020>
			</data>
			<data>
				<sensor>5</sensor>
				<h026>0.000</h026>
				<h024>0.000</h024>
				<h022>0.000</h022>
				<h020>0.000</h020>
			</data>
			<data>
				<sensor>6</sensor>
				<h026>0.000</h026>
				<h024>0.000</h024>
				<h022>0.000</h022>
				<h020>0.000</h020>
			</data>
			<data>
				<sensor>7</sensor>
				<h026>0.000</h026>
				<h024>0.000</h024>
				<h022>0.000</h022>
				<h020>0.000</h020>
			</data>
			<data>
				<sensor>8</sensor>
				<h026>0.000</h026>
				<h024>0.000</h024>
				<h022>0.000</h022>
				<h020>0.000</h020>
			</data>
			<data>
				<sensor>9</sensor>
				<h026>0.000</h026>
				<h024>0.000</h024>
				<h022>0.000</h022>
				<h020>0.000</h020>
			</data>
		</hist>
	</msg>
	<msg>
		<src>CC128-v0.11</src>
		<dsb>00014</dsb>
		<time>17:07:42</time>
		<tmpr>19.0</tmpr>
		<sensor>0</sensor>
		<id>00077</id>
		<type>1</type>
		<ch1>
			<watts>00706</watts>
		</ch1>
	</msg>
	<msg>
		<src>CC128-v0.11</src>
		<dsb>00014</dsb>
		<time>17:07:48</time>
		<tmpr>19.0</tmpr>
		<sensor>0</sensor>
		<id>00077</id>
		<type>1</type>
		<ch1>
			<watts>00723</watts>
		</ch1>
	</msg>
	<msg>
		<src>CC128-v0.11</src>
		<dsb>00014</dsb>
		<time>17:07:50</time>
		<hist>
			<dsw>00015</dsw>
			<type>1</type>
			<units>kwhr</units>
			<data>
				<sensor>0</sensor>
				<h018>0.361</h018>
				<h016>0.354</h016>
				<h014>0.417</h014>
				<h012>0.561</h012>
			</data>
			<data>
				<sensor>1</sensor>
				<h018>0.000</h018>
				<h016>0.000</h016>
				<h014>0.000</h014>
				<h012>0.000</h012>
			</data>
			<data>
				<sensor>2</sensor>
				<h018>0.000</h018>
				<h016>0.000</h016>
				<h014>0.000</h014>
				<h012>0.000</h012>
			</data>
			<data>
				<sensor>3</sensor>
				<h018>0.000</h018>
				<h016>0.000</h016>
				<h014>0.000</h014>
				<h012>0.000</h012>
			</data>
			<data>
				<sensor>4</sensor>
				<h018>0.000</h018>
				<h016>0.000</h016>
				<h014>0.000</h014>
				<h012>0.000</h012>
			</data>
			<data>
				<sensor>5</sensor>
				<h018>0.000</h018>
				<h016>0.000</h016>
				<h014>0.000</h014>
				<h012>0.000</h012>
			</data>
			<data>
				<sensor>6</sensor>
				<h018>0.000</h018>
				<h016>0.000</h016>
				<h014>0.000</h014>
				<h012>0.000</h012>
			</data>
			<data>
				<sensor>7</sensor>
				<h018>0.000</h018>
				<h016>0.000</h016>
				<h014>0.000</h014>
				<h012>0.000</h012>
			</data>
			<data>
				<sensor>8</sensor>
				<h018>0.000</h018>
				<h016>0.000</h016>
				<h014>0.000</h014>
				<h012>0.000</h012>
			</data>
			<data>
				<sensor>9</sensor>
				<h018>0.000</h018>
				<h016>0.000</h016>
				<h014>0.000</h014>
				<h012>0.000</h012>
			</data>
		</hist>
	</msg>
	<msg>
		<src>CC128-v0.11</src>
		<dsb>00014</dsb>
		<time>17:07:54</time>
		<tmpr>19.0</tmpr>
		<sensor>0</sensor>
		<id>00077</id>
		<type>1</type>
		<ch1>
			<watts>00716</watts>
		</ch1>
	</msg>
	<msg>
		<src>CC128-v0.11</src>
		<dsb>00014</dsb>
		<time>17:08:00</time>
		<hist>
			<dsw>00015</dsw>
			<type>1</type>
			<units>kwhr</units>
			<data>
				<sensor>0</sensor>
				<h010>0.773</h010>
				<h008>1.757</h008>
				<h006>2.194</h006>
				<h004>0.904</h004>
			</data>
			<data>
				<sensor>1</sensor>
				<h010>0.000</h010>
				<h008>0.000</h008>
				<h006>0.000</h006>
				<h004>0.000</h004>
			</data>
			<data>
				<sensor>2</sensor>
				<h010>0.000</h010>
				<h008>0.000</h008>
				<h006>0.000</h006>
				<h004>0.000</h004>
			</data>
			<data>
				<sensor>3</sensor>
				<h010>0.000</h010>
				<h008>0.000</h008>
				<h006>0.000</h006>
				<h004>0.000</h004>
			</data>
			<data>
				<sensor>4</sensor>
				<h010>0.000</h010>
				<h008>0.000</h008>
				<h006>0.000</h006>
				<h004>0.000</h004>
			</data>
			<data>
				<sensor>5</sensor>
				<h010>0.000</h010>
				<h008>0.000</h008>
				<h006>0.000</h006>
				<h004>0.000</h004>
			</data>
			<data>
				<sensor>6</sensor>
				<h010>0.000</h010>
				<h008>0.000</h008>
				<h006>0.000</h006>
				<h004>0.000</h004>
			</data>
			<data>
				<sensor>7</sensor>
				<h010>0.000</h010>
				<h008>0.000</h008>
				<h006>0.000</h006>
				<h004>0.000</h004>
			</data>
			<data>
				<sensor>8</sensor>
				<h010>0.000</h010>
				<h008>0.000</h008>
				<h006>0.000</h006>
				<h004>0.000</h004>
			</data>
			<data>
				<sensor>9</sensor>
				<h010>0.000</h010>
				<h008>0.000</h008>
				<h006>0.000</h006>
				<h004>0.000</h004>
			</data>
		</hist>
	</msg>
	<msg>
		<src>CC128-v0.11</src>
		<dsb>00014</dsb>
		<time>17:08:00</time>
		<tmpr>19.0</tmpr>
		<sensor>0</sensor>
		<id>00077</id>
		<type>1</type>
		<ch1>
			<watts>00704</watts>
		</ch1>
	</msg>
	<msg>
		<src>CC128-v0.11</src>
		<dsb>00014</dsb>
		<time>17:08:06</time>
		<tmpr>19.0</tmpr>
		<sensor>0</sensor>
		<id>00077</id>
		<type>1</type>
		<ch1>
			<watts>00705</watts>
		</ch1>
	</msg>
	<msg>
		<src>CC128-v0.11</src>
		<dsb>00014</dsb>
		<time>17:08:10</time>
		<hist>
			<dsw>00015</dsw>
			<type>1</type>
			<units>kwhr</units>
			<data>
				<sensor>0</sensor>
				<d014>9.226</d014>
				<d013>11.750</d013>
				<d012>16.968</d012>
				<d011>12.593</d011>
			</data>
			<data>
				<sensor>1</sensor>
				<d014>0.000</d014>
				<d013>0.000</d013>
				<d012>0.000</d012>
				<d011>0.000</d011>
			</data>
			<data>
				<sensor>2</sensor>
				<d014>0.000</d014>
				<d013>0.000</d013>
				<d012>0.000</d012>
				<d011>0.000</d011>
			</data>
			<data>
				<sensor>3</sensor>
				<d014>0.000</d014>
				<d013>0.000</d013>
				<d012>0.000</d012>
				<d011>0.000</d011>
			</data>
			<data>
				<sensor>4</sensor>
				<d014>0.000</d014>
				<d013>0.000</d013>
				<d012>0.000</d012>
				<d011>0.000</d011>
			</data>
			<data>
				<sensor>5</sensor>
				<d014>0.000</d014>
				<d013>0.000</d013>
				<d012>0.000</d012>
				<d011>0.000</d011>
			</data>
			<data>
				<sensor>6</sensor>
				<d014>0.000</d014>
				<d013>0.000</d013>
				<d012>0.000</d012>
				<d011>0.000</d011>
			</data>
			<data>
				<sensor>7</sensor>
				<d014>0.000</d014>
				<d013>0.000</d013>
				<d012>0.000</d012>
				<d011>0.000</d011>
			</data>
			<data>
				<sensor>8</sensor>
				<d014>0.000</d014>
				<d013>0.000</d013>
				<d012>0.000</d012>
				<d011>0.000</d011>
			</data>
			<data>
				<sensor>9</sensor>
				<d014>0.000</d014>
				<d013>0.000</d013>
				<d012>0.000</d012>
				<d011>0.000</d011>
			</data>
		</hist>
	</msg>
	<msg>
		<src>CC128-v0.11</src>
		<dsb>00014</dsb>
		<time>17:08:12</time>
		<tmpr>19.0</tmpr>
		<sensor>0</sensor>
		<id>00077</id>
		<type>1</type>
		<ch1>
			<watts>00705</watts>
		</ch1>
	</msg>
	<msg>
		<src>CC128-v0.11</src>
		<dsb>00014</dsb>
		<time>17:08:18</time>
		<tmpr>19.0</tmpr>
		<sensor>0</sensor>
		<id>00077</id>
		<type>1</type>
		<ch1>
			<watts>00708</watts>
		</ch1>
	</msg>
	<msg>
		<src>CC128-v0.11</src>
		<dsb>00014</dsb>
		<time>17:08:20</time>
		<hist>
			<dsw>00015</dsw>
			<type>1</type>
			<units>kwhr</units>
			<data>
				<sensor>0</sensor>
				<d010>10.460</d010>
				<d009>18.648</d009>
				<d008>5.007</d008>
				<d007>5.093</d007>
			</data>
			<data>
				<sensor>1</sensor>
				<d010>0.000</d010>
				<d009>0.000</d009>
				<d008>0.000</d008>
				<d007>0.000</d007>
			</data>
			<data>
				<sensor>2</sensor>
				<d010>0.000</d010>
				<d009>0.000</d009>
				<d008>0.000</d008>
				<d007>0.000</d007>
			</data>
			<data>
				<sensor>3</sensor>
				<d010>0.000</d010>
				<d009>0.000</d009>
				<d008>0.000</d008>
				<d007>0.000</d007>
			</data>
			<data>
				<sensor>4</sensor>
				<d010>0.000</d010>
				<d009>0.000</d009>
				<d008>0.000</d008>
				<d007>0.000</d007>
			</data>
			<data>
				<sensor>5</sensor>
				<d010>0.000</d010>
				<d009>0.000</d009>
				<d008>0.000</d008>
				<d007>0.000</d007>
			</data>
			<data>
				<sensor>6</sensor>
				<d010>0.000</d010>
				<d009>0.000</d009>
				<d008>0.000</d008>
				<d007>0.000</d007>
			</data>
			<data>
				<sensor>7</sensor>
				<d010>0.000</d010>
				<d009>0.000</d009>
				<d008>0.000</d008>
				<d007>0.000</d007>
			</data>
			<data>
				<sensor>8</sensor>
				<d010>0.000</d010>
				<d009>0.000</d009>
				<d008>0.000</d008>
				<d007>0.000</d007>
			</data>
			<data>
				<sensor>9</sensor>
				<d010>0.000</d010>
				<d009>0.000</d009>
				<d008>0.000</d008>
				<d007>0.000</d007>
			</data>
		</hist>
	</msg>
	<msg>
		<src>CC128-v0.11</src>
		<dsb>00014</dsb>
		<time>17:08:24</time>
		<tmpr>19.0</tmpr>
		<sensor>0</sensor>
		<id>00077</id>
		<type>1</type>
		<ch1>
			<watts>00710</watts>
		</ch1>
	</msg>
	<msg>
		<src>CC128-v0.11</src>
		<dsb>00014</dsb>
		<time>17:08:30</time>
		<hist>
			<dsw>00015</dsw>
			<type>1</type>
			<units>kwhr</units>
			<data>
				<sensor>0</sensor>
				<d006>15.210</d006>
				<d005>14.710</d005>
				<d004>13.171</d004>
				<d003>17.960</d003>
			</data>
			<data>
				<sensor>1</sensor>
				<d006>0.000</d006>
				<d005>0.000</d005>
				<d004>0.000</d004>
				<d003>0.000</d003>
			</data>
			<data>
				<sensor>2</sensor>
				<d006>0.000</d006>
				<d005>0.000</d005>
				<d004>0.000</d004>
				<d003>0.000</d003>
			</data>
			<data>
				<sensor>3</sensor>
				<d006>0.000</d006>
				<d005>0.000</d005>
				<d004>0.000</d004>
				<d003>0.000</d003>
			</data>
			<data>
				<sensor>4</sensor>
				<d006>0.000</d006>
				<d005>0.000</d005>
				<d004>0.000</d004>
				<d003>0.000</d003>
			</data>
			<data>
				<sensor>5</sensor>
				<d006>0.000</d006>
				<d005>0.000</d005>
				<d004>0.000</d004>
				<d003>0.000</d003>
			</data>
			<data>
				<sensor>6</sensor>
				<d006>0.000</d006>
				<d005>0.000</d005>
				<d004>0.000</d004>
				<d003>0.000</d003>
			</data>
			<data>
				<sensor>7</sensor>
				<d006>0.000</d006>
				<d005>0.000</d005>
				<d004>0.000</d004>
				<d003>0.000</d003>
			</data>
			<data>
				<sensor>8</sensor>
				<d006>0.000</d006>
				<d005>0.000</d005>
				<d004>0.000</d004>
				<d003>0.000</d003>
			</data>
			<data>
				<sensor>9</sensor>
				<d006>0.000</d006>
				<d005>0.000</d005>
				<d004>0.000</d004>
				<d003>0.000</d003>
			</data>
		</hist>
	</msg>
	<msg>
		<src>CC128-v0.11</src>
		<dsb>00014</dsb>
		<time>17:08:30</time>
		<tmpr>19.0</tmpr>
		<sensor>0</sensor>
		<id>00077</id>
		<type>1</type>
		<ch1>
			<watts>00716</watts>
		</ch1>
	</msg>
	<msg>
		<src>CC128-v0.11</src>
		<dsb>00014</dsb>
		<time>17:08:36</time>
		<tmpr>19.0</tmpr>
		<sensor>0</sensor>
		<id>00077</id>
		<type>1</type>
		<ch1>
			<watts>00718</watts>
		</ch1>
	</msg>
	<msg>
		<src>CC128-v0.11</src>
		<dsb>00014</dsb>
		<time>17:08:40</time>
		<hist>
			<dsw>00015</dsw>
			<type>1</type>
			<units>kwhr</units>
			<data>
				<sensor>0</sensor>
				<d002>14.851</d002>
				<d001>12.250</d001>
			</data>
			<data>
				<sensor>1</sensor>
				<d002>0.000</d002>
				<d001>0.000</d001>
			</data>
			<data>
				<sensor>2</sensor>
				<d002>0.000</d002>
				<d001>0.000</d001>
			</data>
			<data>
				<sensor>3</sensor>
				<d002>0.000</d002>
				<d001>0.000</d001>
			</data>
			<data>
				<sensor>4</sensor>
				<d002>0.000</d002>
				<d001>0.000</d001>
			</data>
			<data>
				<sensor>5</sensor>
				<d002>0.000</d002>
				<d001>0.000</d001>
			</data>
			<data>
				<sensor>6</sensor>
				<d002>0.000</d002>
				<d001>0.000</d001>
			</data>
			<data>
				<sensor>7</sensor>
				<d002>0.000</d002>
				<d001>0.000</d001>
			</data>
			<data>
				<sensor>8</sensor>
				<d002>0.000</d002>
				<d001>0.000</d001>
			</data>
			<data>
				<sensor>9</sensor>
				<d002>0.000</d002>
				<d001>0.000</d001>
			</data>
		</hist>
	</msg>
	<msg>
		<src>CC128-v0.11</src>
		<dsb>00014</dsb>
		<time>17:08:42</time>
		<tmpr>19.0</tmpr>
		<sensor>0</sensor>
		<id>00077</id>
		<type>1</type>
		<ch1>
			<watts>00706</watts>
		</ch1>
	</msg>
	<msg>
		<src>CC128-v0.11</src>
		<dsb>00014</dsb>
		<time>17:08:48</time>
		<tmpr>19.0</tmpr>
		<sensor>0</sensor>
		<id>00077</id>
		<type>1</type>
		<ch1>
			<watts>00706</watts>
		</ch1>
	</msg>
	<msg>
		<src>CC128-v0.11</src>
		<dsb>00014</dsb>
		<time>17:08:54</time>
		<tmpr>19.0</tmpr>
		<sensor>0</sensor>
		<id>00077</id>
		<type>1</type>
		<ch1>
			<watts>00714</watts>
		</ch1>
	</msg>
	<msg>
		<src>CC128-v0.11</src>
		<dsb>00014</dsb>
		<time>17:09:00</time>
		<tmpr>19.0</tmpr>
		<sensor>0</sensor>
		<id>00077</id>
		<type>1</type>
		<ch1>
			<watts>00711</watts>
		</ch1>
	</msg>
	<msg>
		<src>CC128-v0.11</src>
		<dsb>00014</dsb>
		<time>17:09:06</time>
		<tmpr>19.0</tmpr>
		<sensor>0</sensor>
		<id>00077</id>
		<type>1</type>
		<ch1>
			<watts>00702</watts>
		</ch1>
	</msg>
</feed>
