<?xml version="1.0" encoding="UTF-8"?>
<eeml xmlns="http://www.eeml.org/xsd/005" xmlns:xsi="http://www.w3.org/2001/XMLSchema-instance" version="5" xsi:schemaLocation="http://www.eeml.org/xsd/005 http://www.eeml.org/xsd/005/005.xsd">
  <environment updated="2009-12-27T18:13:11Z" id="4050" creator="http://www.haque.co.uk">
    <title>probando probando2</title>
    <feed>http://www.pachube.com/api/feeds/4050.xml</feed>
    <status>live</status>
    <data id="1">
      <tag>dede</tag>
      <value minValue="10.0" maxValue="1000.0">123

&#13;
</value>
    </data>
  </environment>
</eeml>
