<?xml version="1.0" encoding="UTF-8"?>
<eeml xmlns="http://www.eeml.org/xsd/005" xmlns:xsi="http://www.w3.org/2001/XMLSchema-instance" version="5" xsi:schemaLocation="http://www.eeml.org/xsd/005 http://www.eeml.org/xsd/005/005.xsd">
  <environment updated="2009-12-27T18:04:24Z" id="4050" creator="http://www.haque.co.uk">
    <data id="1">
      <tag>dede</tag>
      <value minValue="10.0" maxValue="1000.0">123
&#13;
</value>
    </data>
  </environment>
</eeml>
<html>
<head><title>400 Bad Request</title></head>
<body bgcolor="white">
<center><h1>400 Bad Request</h1></center>
<hr><center>nginx/0.6.34</center>
</body>
</html>
